set,alpha,inst,lms1sbbf,lms1sbbf.t,lms1dw,lms1dw.t,n,lm1,lms1,lm2,lm3,lm4,opt,lmb
SBF2,0.25,Arc111_c=10027,16,39.587809889,16,64.855243336,111,15,15,4,7,15,16,16
SBF2,0.25,Arc111_c=10743,14,34.728514439,14,599.965219561,111,14,14,2,4,14,15,14
SBF2,0.25,Arc111_c=11570,13,29.019923174,13,98.66853648,111,13,13,0,4,13,13,13
SBF2,0.25,Arc111_c=17067,9,4.180434792,9,1.658040492,111,9,9,0,1,9,9,9
SBF2,0.25,Arc111_c=5785,27,123.090302994,27,15.413062075,111,26,26,17,21,27,27,27
SBF2,0.25,Arc111_c=6016,26,37.754342842,26,1.854873512,111,26,26,15,18,26,26,26
SBF2,0.25,Arc111_c=6267,25,125.950531434,25,5.723787968,111,24,24,14,17,25,25,25
SBF2,0.25,Arc111_c=6540,24,87.612168692,24,3.683648861,111,23,23,13,17,24,24,24
SBF2,0.25,Arc111_c=6837,23,94.82852267,23,12.848587426,111,22,22,12,15,23,23,23
SBF2,0.25,Arc111_c=7162,22,28.833120652,22,26.886150966,111,22,22,8,13,22,22,22
SBF2,0.25,Arc111_c=7520,20,56.010432593,21,47.524278685,111,20,20,8,13,20,21,21
SBF2,0.25,Arc111_c=7916,20,74.930918447,20,57.893338761,111,19,19,8,12,19,20,20
SBF2,0.25,Arc111_c=8356,19,84.596891513,19,11.20554929,111,18,18,5,10,18,19,19
SBF2,0.25,Arc111_c=9400,16,32.091555526,17,66.064140176,111,16,16,5,7,16,17,17
SBF2,0.25,Arc83_c=3786,21,2.844866344,21,0.073427395,83,21,21,5,9,21,21,21
SBF2,0.25,Arc83_c=3985,20,2.536703555,20,0.093954605,83,20,20,5,6,20,20,20
SBF2,0.25,Arc83_c=4206,19,1.568018608,19,0.087646367,83,19,19,4,6,19,19,19
SBF2,0.25,Arc83_c=4454,18,4.000662231,18,0.08399353,83,17,17,4,6,18,18,18
SBF2,0.25,Arc83_c=4732,17,1.643466138,17,0.079977219,83,17,17,3,6,17,17,17
SBF2,0.25,Arc83_c=5048,16,5.578049735,16,0.093095869,83,15,15,3,5,16,16,16
SBF2,0.25,Arc83_c=5408,15,1.094980532,15,0.078288802,83,15,15,2,4,15,15,15
SBF2,0.25,Arc83_c=5824,14,0.982356499,14,0.064427818,83,14,14,1,3,14,14,14
SBF2,0.25,Arc83_c=6309,13,0.963136219,13,0.069029748,83,13,13,1,2,13,13,13
SBF2,0.25,Arc83_c=6883,12,0.792431691,12,0.067238273,83,12,12,1,2,12,12,12
SBF2,0.25,Arc83_c=7571,11,0.730430661,11,0.046709423,83,11,11,0,2,11,11,11
SBF2,0.25,Sawyer30_c=33,10,0.069191538,10,0.004421701,30,10,10,5,7,10,11,10
SBF2,0.25,Sawyer30_c=47,7,0.048628886,7,0.005150009,30,7,7,1,4,7,7,7
SBF2,0.25,Tonge70_c=160,23,0.861895761,23,0.041374071,70,23,23,14,16,23,23,23
SBF2,0.25,Tonge70_c=168,21,1.093222949,22,0.048650978,70,21,21,13,15,21,22,22
SBF2,0.25,Tonge70_c=176,20,1.171009065,21,0.053741569,70,20,20,12,15,20,21,21
SBF2,0.25,Tonge70_c=185,19,0.901639765,20,0.072913487,70,19,19,9,14,19,20,20
SBF2,0.25,Tonge70_c=195,18,1.204129726,19,0.069152507,70,18,18,8,13,18,19,19
SBF2,0.25,Tonge70_c=207,17,1.183924632,18,0.189590724,70,17,17,7,11,17,18,18
SBF2,0.25,Tonge70_c=220,16,0.770722715,17,0.147501162,70,16,16,7,9,16,17,17
SBF2,0.25,Tonge70_c=234,15,0.71119203,16,0.101038701,70,15,15,7,8,15,16,16
SBF2,0.25,Tonge70_c=251,14,0.674042209,14,0.136401323,70,14,14,6,7,14,14,14
SBF2,0.25,Tonge70_c=270,13,0.573218368,14,0.175841877,70,13,13,4,5,13,14,14
SBF2,0.25,Tonge70_c=293,12,0.546832774,13,0.446048005,70,12,12,2,4,12,13,13
SBF2,0.25,Tonge70_c=320,11,0.415897957,11,0.109643285,70,11,11,0,4,11,11,11
SBF2,0.25,arc111_c=11378,14,8.593598089,14,19.747032983,111,14,14,1,4,14,14,14
SBF2,0.25,arc111_c=5755,27,52.064054767,27,4.032630607,111,27,27,18,21,27,27,27
SBF2,0.25,arc111_c=8847,18,84.826401202,18,42.457935754,111,17,17,5,9,17,18,18
SBF2,0.25,arc83_c=10816,8,1.287794868,8,34.489604095,83,7,7,0,1,7,8,8
SBF2,0.25,arc83_c=5853,14,1.063947353,14,0.077934511,83,13,13,1,3,14,14,14
SBF2,0.25,arc83_c=6842,12,0.954056555,12,0.077436342,83,12,12,1,2,12,12,12
SBF2,0.25,arc83_c=8412,10,0.699335173,10,0.087072939,83,10,10,0,1,10,10,10
SBF2,0.25,arc83_c=8898,9,0.429795411,9,0.040247343,83,9,9,0,1,9,9,9
SBF2,0.25,barthol2_c=115,37,569.393759984,37,0.349191465,148,37,37,13,23,37,37,37
SBF2,0.25,barthol2_c=125,34,515.724582849,34,0.424757049,148,34,34,11,16,34,34,34
SBF2,0.25,barthol2_c=133,32,444.720825548,32,0.366346495,148,32,32,7,15,32,32,32
SBF2,0.25,barthol2_c=137,31,456.664199832,31,0.316832919,148,31,31,7,15,31,31,31
SBF2,0.25,barthol2_c=142,30,409.36704914,30,0.465350602,148,30,30,6,11,30,30,30
SBF2,0.25,barthol2_c=146,29,507.062160355,29,0.563812583,148,29,29,6,10,29,29,29
SBF2,0.25,barthol2_c=152,28,385.108331347,28,0.414037205,148,28,28,6,10,28,28,28
SBF2,0.25,barthol2_c=157,27,371.440899758,27,0.531493441,148,27,27,4,9,27,27,27
SBF2,0.25,barthol2_c=163,26,347.225755723,26,0.55229482,148,26,26,1,8,26,26,26
SBF2,0.25,barthol2_c=89,48,588.983447298,48,0.24273752,148,48,48,30,36,48,49,48
SBF2,0.25,barthol2_c=95,45,550.535047429,45,0.285729023,148,45,45,22,33,45,45,45
SBF2,0.25,barthold_c=403,14,575.748946045,14,6.162644637,148,14,14,2,5,14,14,14
SBF2,0.25,barthold_c=434,13,275.944299084,13,2.28561433,148,13,13,2,4,13,13,13
SBF2,0.25,barthold_c=470,12,249.799836789,12,3.988899353,148,12,12,2,3,12,12,12
SBF2,0.25,barthold_c=513,11,285.340005187,11,1.738474633,148,11,11,2,2,11,11,11
SBF2,0.25,barthold_c=564,10,208.452944005,10,2.731124428,148,10,10,1,2,10,10,10
SBF2,0.25,barthold_c=626,9,145.124144073,9,10.714206467,148,9,9,1,1,9,9,9
SBF2,0.25,barthold_c=705,8,104.988250048,8,6.5343627,148,8,8,1,1,8,8,8
SBF2,0.25,barthold_c=805,7,170.501026049,7,8.634219373,148,7,7,0,1,7,7,7
SBF2,0.25,bowman8_c=20,5,0.002002024,5,6.7738e-4,8,5,5,4,4,5,5,5
SBF2,0.25,buxey_c=27,13,0.035870379,13,0.003862671,29,13,13,12,12,13,13,13
SBF2,0.25,buxey_c=30,11,0.084479096,12,0.004279541,29,11,11,8,9,11,12,12
SBF2,0.25,buxey_c=33,10,0.067487863,11,0.004238776,29,10,10,5,7,11,11,11
SBF2,0.25,buxey_c=36,9,0.069691174,10,0.005567753,29,9,9,4,7,9,10,10
SBF2,0.25,buxey_c=41,8,0.035851735,8,0.004393478,29,8,8,2,6,8,8,8
SBF2,0.25,buxey_c=47,7,0.026265345,7,0.005123987,29,7,7,1,4,7,7,7
SBF2,0.25,buxey_c=54,7,0.023793122,7,0.003665948,29,7,7,0,2,7,7,7
SBF2,0.25,gunther_c=41,13,0.087673373,14,0.003528195,35,12,12,12,12,13,14,14
SBF2,0.25,gunther_c=44,11,0.078753232,12,0.004691005,35,11,11,11,10,11,12,12
SBF2,0.25,gunther_c=49,10,0.061628826,11,0.005900578,35,10,10,7,8,10,11,11
SBF2,0.25,gunther_c=54,9,0.050202031,9,0.005942009,35,9,9,7,8,9,9,9
SBF2,0.25,gunther_c=61,8,0.051897326,9,0.008422746,35,8,8,2,6,8,9,9
SBF2,0.25,gunther_c=69,8,0.037864508,8,0.00705427,35,7,7,2,5,8,8,8
SBF2,0.25,gunther_c=81,7,0.054527071,7,0.006552286,35,6,6,0,4,7,7,7
SBF2,0.25,hahn_c=2004,8,0.027995893,8,0.004303246,53,8,8,5,4,8,8,8
SBF2,0.25,hahn_c=2338,7,0.017160647,7,0.026315348,53,7,7,3,3,7,7,7
SBF2,0.25,hahn_c=2806,6,0.027540523,6,0.014478185,53,5,5,2,3,5,6,6
SBF2,0.25,hahn_c=3507,5,0.014438854,5,0.00352335,53,5,5,1,2,5,5,5
SBF2,0.25,hahn_c=4676,4,0.013151542,4,0.004010814,53,4,4,0,1,4,4,4
SBF2,0.25,heskia_c=138,8,0.053015562,8,0.001407,28,8,8,5,7,8,8,8
SBF2,0.25,heskia_c=205,5,0.094706718,5,0.00956138,28,5,5,2,3,5,5,5
SBF2,0.25,heskia_c=216,5,0.027691972,5,0.002181195,28,5,5,1,2,5,5,5
SBF2,0.25,heskia_c=256,4,0.056739849,4,0.013803936,28,4,4,0,2,4,4,4
SBF2,0.25,heskia_c=324,4,0.026474023,4,0.004072571,28,4,4,0,1,4,4,4
SBF2,0.25,heskia_c=342,3,0.036432809,3,0.009221119,28,3,3,0,0,3,3,3
SBF2,0.25,jackson_c=10,5,0.004624084,5,8.80436e-4,11,5,5,5,4,5,5,5
SBF2,0.25,jackson_c=13,4,0.002309672,4,7.38258e-4,11,4,4,1,3,4,4,4
SBF2,0.25,jackson_c=14,4,0.002400033,4,0.001046076,11,4,4,1,3,4,4,4
SBF2,0.25,jackson_c=21,3,0.002634309,3,5.42912e-4,11,3,3,0,1,3,3,3
SBF2,0.25,jackson_c=7,8,0.003155884,8,7.15317e-4,11,7,7,7,8,7,8,8
SBF2,0.25,jackson_c=9,6,0.002725824,6,5.27754e-4,11,6,6,6,5,6,6,6
SBF2,0.25,jaeschke_c=10,4,0.001805134,4,5.12623e-4,9,4,4,3,4,4,4,4
SBF2,0.25,jaeschke_c=18,3,0.002291934,3,5.05138e-4,9,3,3,0,1,3,3,3
SBF2,0.25,jaeschke_c=6,8,0.001557782,8,4.67356e-4,9,8,8,8,8,8,8,8
SBF2,0.25,jaeschke_c=7,6,0.001814797,7,5.0496e-4,9,6,6,7,6,6,7,7
SBF2,0.25,jaeschke_c=8,6,0.002759725,6,5.26109e-4,9,5,5,6,5,6,6,6
SBF2,0.25,kilbrid_c=110,6,0.058075887,6,0.015548205,45,6,6,1,1,6,6,6
SBF2,0.25,kilbrid_c=111,5,0.085108892,5,0.011345533999999999,45,5,5,0,1,5,5,5
SBF2,0.25,kilbrid_c=138,4,0.153329607,4,0.019939047,45,4,4,0,1,4,4,4
SBF2,0.25,kilbrid_c=184,3,0.098161649,3,0.034122672,45,3,3,0,0,3,3,3
SBF2,0.25,kilbrid_c=56,10,0.343387383,10,0.009372899,45,10,10,2,6,10,10,10
SBF2,0.25,kilbrid_c=57,10,0.097553964,10,0.009417117,45,10,10,2,6,10,10,10
SBF2,0.25,kilbrid_c=62,9,0.251020118,9,0.009706177,45,9,9,1,4,9,9,9
SBF2,0.25,kilbrid_c=69,8,0.227044067,8,0.009566312,45,8,8,1,3,8,8,8
SBF2,0.25,kilbrid_c=79,7,0.244937902,7,0.010785391,45,7,7,1,2,7,7,7
SBF2,0.25,kilbrid_c=92,6,0.230344269,6,0.013540904,45,6,6,1,1,6,6,6
SBF2,0.25,lutz1_c=1414,11,0.008561007,11,0.0033224,32,11,11,2,6,11,11,11
SBF2,0.25,lutz1_c=1572,10,0.009445833,10,0.003341248,32,10,10,2,5,10,10,10
SBF2,0.25,lutz1_c=1768,9,0.010707563,9,0.004615768,32,9,9,1,4,9,9,9
SBF2,0.25,lutz1_c=2020,8,0.008384158,8,0.003822924,32,8,8,1,3,8,8,8
SBF2,0.25,lutz1_c=2357,7,0.008336606,7,0.00385917,32,7,7,1,1,7,7,7
SBF2,0.25,lutz1_c=2828,6,0.007796179,6,0.002575079,32,6,6,0,1,6,6,6
SBF2,0.25,lutz2_c=11,46,1.091500299,48,0.011463309,89,46,46,44,45,46,49,48
SBF2,0.25,lutz2_c=12,42,1.291812473,44,0.013585988,89,42,42,40,41,42,44,44
SBF2,0.25,lutz2_c=13,39,1.187076283,39,0.016703128,89,39,39,35,36,39,40,39
SBF2,0.25,lutz2_c=14,36,1.534375178,36,0.016542789,89,36,36,31,32,36,37,36
SBF2,0.25,lutz2_c=15,33,1.01494166,33,0.018701392,89,33,33,26,27,33,34,33
SBF2,0.25,lutz2_c=16,31,1.488744397,31,0.01853047,89,31,31,22,22,31,31,31
SBF2,0.25,lutz2_c=17,29,1.0056156,29,0.019708628,89,29,29,17,22,29,29,29
SBF2,0.25,lutz2_c=18,27,0.766984365,28,0.018813805,89,27,27,13,21,27,28,28
SBF2,0.25,lutz2_c=19,26,0.586990659,26,0.020736173,89,26,26,8,18,26,26,26
SBF2,0.25,lutz2_c=20,25,0.633845186,25,0.018788918,89,25,25,4,18,25,25,25
SBF2,0.25,lutz2_c=21,24,0.844664116,24,0.021373564,89,24,24,0,16,24,24,24
SBF2,0.25,lutz3_c=103,17,0.489934969,17,0.086332287,89,16,16,3,5,17,17,17
SBF2,0.25,lutz3_c=110,15,0.381623595,15,0.053138832,89,15,15,3,5,15,15,15
SBF2,0.25,lutz3_c=118,14,0.387264669,14,0.096991838,89,14,14,3,3,14,14,14
SBF2,0.25,lutz3_c=127,13,0.280681817,14,0.130824775,89,13,13,2,2,13,14,14
SBF2,0.25,lutz3_c=137,13,0.510983786,13,0.109318312,89,12,12,1,2,12,13,13
SBF2,0.25,lutz3_c=150,11,0.374990648,12,0.161628131,89,11,11,0,2,11,12,12
SBF2,0.25,lutz3_c=75,22,0.627004486,23,0.049029194,89,22,22,8,12,23,23,23
SBF2,0.25,lutz3_c=79,21,0.389175351,22,0.049081304,89,21,21,5,11,21,22,22
SBF2,0.25,lutz3_c=83,20,0.568487716,21,0.058406969,89,20,20,5,10,20,21,21
SBF2,0.25,lutz3_c=87,20,0.495207593,20,0.052917446,89,19,19,4,9,20,20,20
SBF2,0.25,lutz3_c=92,18,0.407679587,19,0.071128974,89,18,18,4,8,18,19,19
SBF2,0.25,lutz3_c=97,17,0.794777976,18,0.07771635,89,17,17,3,6,17,18,18
SBF2,0.25,mansoor_c=48,4,0.002246068,4,5.97376e-4,11,4,4,3,3,4,4,4
SBF2,0.25,mansoor_c=62,3,0.003278843,3,6.71838e-4,11,3,3,3,2,3,3,3
SBF2,0.25,mansoor_c=94,2,0.002055824,2,5.27791e-4,11,2,2,0,2,2,2,2
SBF2,0.25,mertens_c=10,3,0.002172152,3,8.63807e-4,7,3,3,3,3,3,3,3
SBF2,0.25,mertens_c=15,2,0.002252199,2,5.00406e-4,7,2,2,0,2,2,2,2
SBF2,0.25,mertens_c=18,2,0.001582648,2,4.94185e-4,7,2,2,0,1,2,2,2
SBF2,0.25,mertens_c=6,6,0.001498726,6,4.8827e-4,7,6,6,6,6,6,6,6
SBF2,0.25,mertens_c=7,5,0.001480133,5,5.00448e-4,7,5,5,5,5,5,5,5
SBF2,0.25,mertens_c=8,5,0.001946721,5,6.05533e-4,7,4,4,5,4,4,5,5
SBF2,0.25,mitchell_c=14,8,0.005261695,8,0.002127761,21,8,8,5,6,8,8,8
SBF2,0.25,mitchell_c=15,8,0.007278388,8,0.002642081,21,7,7,4,6,7,8,8
SBF2,0.25,mitchell_c=21,5,0.003728939,5,6.96769e-4,21,5,5,1,3,5,5,5
SBF2,0.25,mitchell_c=26,5,0.004910663,5,0.001162425,21,5,5,1,2,5,5,5
SBF2,0.25,mitchell_c=35,3,0.003152482,3,8.42873e-4,21,3,3,0,1,3,3,3
SBF2,0.25,mitchell_c=39,3,0.003329678,3,8.6005e-4,21,3,3,0,1,3,3,3
SBF2,0.25,mukherje_c=176,25,18.792136513,25,0.342134687,94,25,25,10,15,25,25,25
SBF2,0.25,mukherje_c=183,24,17.044801029,24,0.280144661,94,24,24,10,15,24,24,24
SBF2,0.25,mukherje_c=192,23,13.297578524,23,0.279817634,94,22,22,8,12,23,23,23
SBF2,0.25,mukherje_c=201,22,12.025147154,22,0.252969162,94,21,21,8,11,22,22,22
SBF2,0.25,mukherje_c=211,21,9.17984779,21,0.339360338,94,20,20,7,10,21,21,21
SBF2,0.25,mukherje_c=222,20,11.19485339,20,0.909772074,94,19,19,7,9,20,20,20
SBF2,0.25,mukherje_c=234,19,7.453351718,19,0.994322854,94,18,18,4,7,19,19,19
SBF2,0.25,mukherje_c=248,18,6.764706092,18,2.177738851,94,17,17,3,6,18,18,18
SBF2,0.25,mukherje_c=263,17,4.6709716,17,0.26538885,94,16,16,3,5,17,17,17
SBF2,0.25,mukherje_c=281,16,5.003955921,16,2.504625823,94,15,15,3,5,16,16,16
SBF2,0.25,mukherje_c=301,15,4.012640255,15,0.915165676,94,14,14,2,4,15,15,15
SBF2,0.25,mukherje_c=324,14,3.053500796,14,0.798235323,94,13,13,1,4,14,14,14
SBF2,0.25,mukherje_c=351,13,2.732057256,13,1.312578576,94,12,12,0,2,13,13,13
SBF2,0.25,roszieg_c=14,10,0.009540751,10,0.002810525,25,9,9,6,7,10,10,10
SBF2,0.25,roszieg_c=16,8,0.007429791,8,0.00255194,25,8,8,4,4,8,8,8
SBF2,0.25,roszieg_c=18,8,0.010920605,8,0.00263249,25,7,7,2,4,8,8,8
SBF2,0.25,roszieg_c=21,6,0.011084932,6,0.002367917,25,6,6,1,4,6,6,6
SBF2,0.25,roszieg_c=25,6,0.008619786,6,0.003411285,25,5,5,1,2,6,6,6
SBF2,0.25,roszieg_c=32,4,0.004241436,4,0.001006246,25,4,4,0,1,4,4,4
SBF2,0.25,sawyer30_c=25,13,0.099060315,14,0.003730106,30,13,13,12,12,13,14,14
SBF2,0.25,sawyer30_c=27,13,0.028937396,13,0.004228548,30,13,13,12,11,13,13,13
SBF2,0.25,sawyer30_c=30,11,0.060074218,12,0.004524005,30,11,11,8,9,11,12,12
SBF2,0.25,sawyer30_c=36,9,0.079280587,10,0.006677816,30,9,9,4,7,9,10,10
SBF2,0.25,sawyer30_c=41,8,0.063002266,8,0.004198505,30,8,8,2,6,8,8,8
SBF2,0.25,sawyer30_c=54,6,0.053715859,7,0.006620055,30,6,6,0,2,6,7,7
SBF2,0.25,sawyer30_c=75,5,0.01858576,5,0.005253278,30,5,5,0,1,5,5,5
SBF2,0.25,tonge70_c=364,10,0.323237163,10,0.0356801,70,10,10,0,3,10,10,10
SBF2,0.25,tonge70_c=410,9,0.204964086,9,0.046324863,70,9,9,0,2,9,9,9
SBF2,0.25,tonge70_c=468,8,0.160751127,8,0.040632633,70,8,8,0,1,8,8,8
SBF2,0.25,tonge70_c=527,7,0.097432935,7,0.03650595,70,7,7,0,0,7,7,7
SBF2,0.25,warnecke_c=104,15,0.635568172,15,0.024822301,58,15,15,3,9,15,15,15
SBF2,0.25,warnecke_c=111,14,0.494377955,14,0.024779331,58,14,14,0,8,14,14,14
SBF2,0.25,warnecke_c=54,30,0.571454482,31,0.008171243,58,30,30,26,26,30,31,31
SBF2,0.25,warnecke_c=56,29,0.750176902,29,0.010239836,58,29,29,26,24,29,29,29
SBF2,0.25,warnecke_c=58,28,0.616090473,29,0.007095521,58,28,28,25,24,28,29,29
SBF2,0.25,warnecke_c=60,27,0.707362337,27,0.009482196,58,27,27,24,24,27,27,27
SBF2,0.25,warnecke_c=62,26,0.624478619,27,0.010306338,58,26,26,24,24,26,27,27
SBF2,0.25,warnecke_c=65,24,0.769479494,25,0.007841469,58,24,24,24,23,24,25,25
SBF2,0.25,warnecke_c=68,23,0.755680798,24,0.013889043,58,23,23,19,21,23,24,24
SBF2,0.25,warnecke_c=71,22,0.859920835,23,0.011127606,58,22,22,16,18,22,23,23
SBF2,0.25,warnecke_c=74,21,0.841091807,22,0.007865775,58,21,21,14,17,21,22,22
SBF2,0.25,warnecke_c=78,20,0.967911991,21,0.016790081,58,20,20,13,15,20,21,21
SBF2,0.25,warnecke_c=82,19,0.925654051,20,0.01462994,58,19,19,13,13,19,20,20
SBF2,0.25,warnecke_c=86,18,1.010836552,19,0.014161603,58,18,18,11,13,18,19,19
SBF2,0.25,warnecke_c=92,17,0.568120898,17,0.014608696,58,17,17,7,12,17,17,17
SBF2,0.25,warnecke_c=97,16,0.807422321,17,0.029633321,58,16,16,6,12,16,17,17
SBF2,0.25,wee-mag_c=28,55,6.342497791,63,0.003066499,75,55,55,61,63,55,63,63
SBF2,0.25,wee-mag_c=29,53,10.937114557,63,0.003497114,75,53,53,61,63,53,63,63
SBF2,0.25,wee-mag_c=30,51,55.79692157,62,0.002943904,75,50,50,61,62,50,62,62
SBF2,0.25,wee-mag_c=31,49,15.610967054,62,0.003520076,75,49,49,60,62,49,62,62
SBF2,0.25,wee-mag_c=32,48,68.09715605,61,0.003367154,75,47,47,60,57,47,61,61
SBF2,0.25,wee-mag_c=33,47,96.515161957,61,0.003192776,75,46,46,60,51,46,61,61
SBF2,0.25,wee-mag_c=34,48,68.882654832,61,0.003271174,75,45,45,60,47,45,61,61
SBF2,0.25,wee-mag_c=35,46,104.794803567,60,0.003478974,75,43,43,60,43,43,60,60
SBF2,0.25,wee-mag_c=36,45,175.931605474,60,0.003750727,75,42,42,60,41,42,60,60
SBF2,0.25,wee-mag_c=37,46,107.366564825,60,0.003257803,75,41,41,60,40,41,60,60
SBF2,0.25,wee-mag_c=38,45,209.270256041,60,0.003717094,75,40,40,60,35,40,60,60
SBF2,0.25,wee-mag_c=39,45,291.8105464,60,0.003343229,75,39,39,60,33,39,60,60
SBF2,0.25,wee-mag_c=40,45,122.539849248,60,0.003200844,75,38,38,60,32,38,60,60
SBF2,0.25,wee-mag_c=41,44,135.688336232,59,0.003746776,75,37,37,59,31,37,59,59
SBF2,0.25,wee-mag_c=42,37,113.659557744,55,0.00410517,75,36,36,55,31,36,55,55
SBF2,0.25,wee-mag_c=43,36,49.897024242,50,0.00354784,75,35,35,50,31,36,50,50
SBF2,0.25,wee-mag_c=45,34,27.538320463,38,0.009348967,75,34,34,31,31,34,38,38
SBF2,0.25,wee-mag_c=46,33,27.344148237,34,0.01334641,75,33,33,27,30,33,34,34
SBF2,0.25,wee-mag_c=47,32,31.15957599,33,0.029433193,75,32,32,23,30,32,33,33
SBF2,0.25,wee-mag_c=49,31,32.955243869,32,0.014863415,75,31,31,17,30,31,32,32
SBF2,0.25,wee-mag_c=50,30,36.026795294,32,0.012032051,75,30,30,13,30,30,32,32
SBF2,0.25,wee-mag_c=52,29,33.89668878,31,0.012432773,75,29,29,5,30,29,31,31
SBF2,0.25,wee-mag_c=54,28,46.719595385,31,0.010229237,75,28,28,1,30,28,31,31
SBF2,0.25,wee-mag_c=56,27,29.959770443,30,0.011166503,75,27,27,0,30,27,30,30
SBF2,0.50,Arc111_c=10027,16,47.761979506,16,155.419833859,111,15,15,4,7,15,16,16
SBF2,0.50,Arc111_c=10743,14,31.352968268,14,599.968206781,111,14,14,2,4,14,15,14
SBF2,0.50,Arc111_c=11570,13,20.347430286,13,161.146258445,111,13,13,0,4,13,13,13
SBF2,0.50,Arc111_c=17067,9,6.082349348,9,1.403201625,111,9,9,0,1,9,9,9
SBF2,0.50,Arc111_c=5785,27,122.052616657,27,54.843952486,111,26,26,17,21,27,27,27
SBF2,0.50,Arc111_c=6016,26,44.357483213,26,14.820492118,111,26,26,15,18,26,26,26
SBF2,0.50,Arc111_c=6267,25,123.46360292,25,49.021982777,111,24,24,14,17,25,25,25
SBF2,0.50,Arc111_c=6540,24,106.113635046,24,25.248483548,111,23,23,13,17,24,24,24
SBF2,0.50,Arc111_c=6837,23,93.027028025,23,86.655877671,111,22,22,12,15,23,23,23
SBF2,0.50,Arc111_c=7162,22,28.541532024,22,83.531767863,111,22,22,8,13,22,22,22
SBF2,0.50,Arc111_c=7520,20,53.635763959,21,61.608533494,111,20,20,8,13,20,21,21
SBF2,0.50,Arc111_c=7916,20,47.037992364,20,399.54212164,111,19,19,8,12,19,20,20
SBF2,0.50,Arc111_c=8356,19,76.11759669,19,117.859191397,111,18,18,5,10,18,19,19
SBF2,0.50,Arc111_c=9400,16,25.734354262,17,141.830926789,111,16,16,5,7,16,17,17
SBF2,0.50,Arc83_c=3786,21,3.272917844,21,0.122512141,83,21,21,5,9,21,21,21
SBF2,0.50,Arc83_c=3985,20,2.319976069,20,0.119932264,83,20,20,5,6,20,20,20
SBF2,0.50,Arc83_c=4206,19,2.15660134,19,0.139803589,83,19,19,4,6,19,19,19
SBF2,0.50,Arc83_c=4454,18,3.415659338,18,0.085292996,83,17,17,4,6,18,18,18
SBF2,0.50,Arc83_c=4732,17,1.735711507,17,0.099057396,83,17,17,3,6,17,17,17
SBF2,0.50,Arc83_c=5048,16,4.556771578,16,0.177905298,83,15,15,3,5,16,16,16
SBF2,0.50,Arc83_c=5408,15,1.516383756,15,0.148170013,83,15,15,2,4,15,15,15
SBF2,0.50,Arc83_c=5824,14,1.162900286,14,0.139746702,83,14,14,1,3,14,14,14
SBF2,0.50,Arc83_c=6309,13,0.857917005,13,0.134404436,83,13,13,1,2,13,13,13
SBF2,0.50,Arc83_c=6883,12,1.256213109,12,0.08777915,83,12,12,1,2,12,12,12
SBF2,0.50,Arc83_c=7571,11,0.759324968,11,0.12036816,83,11,11,0,2,11,11,11
SBF2,0.50,Sawyer30_c=33,10,0.05042974,11,0.006772392,30,10,10,5,7,10,11,11
SBF2,0.50,Sawyer30_c=47,7,0.059611439,7,0.004773981,30,7,7,1,4,7,7,7
SBF2,0.50,Tonge70_c=160,23,0.791876581,23,0.063240629,70,23,23,14,16,23,23,23
SBF2,0.50,Tonge70_c=168,21,0.95861277,22,0.078215652,70,21,21,13,15,21,22,22
SBF2,0.50,Tonge70_c=176,20,1.220924755,21,0.068690946,70,20,20,12,15,20,21,21
SBF2,0.50,Tonge70_c=185,19,1.013727735,20,0.066326806,70,19,19,9,14,19,20,20
SBF2,0.50,Tonge70_c=195,18,1.215378103,19,0.070384949,70,18,18,8,13,18,19,19
SBF2,0.50,Tonge70_c=207,17,0.913810254,18,0.13338314,70,17,17,7,11,17,18,18
SBF2,0.50,Tonge70_c=220,16,0.721791355,17,0.212370989,70,16,16,7,9,16,17,17
SBF2,0.50,Tonge70_c=234,15,0.755597367,16,0.123303692,70,15,15,7,8,15,16,16
SBF2,0.50,Tonge70_c=251,14,0.576042566,14,0.134755046,70,14,14,6,7,14,14,14
SBF2,0.50,Tonge70_c=270,13,0.612783853,14,0.364502281,70,13,13,4,5,13,14,14
SBF2,0.50,Tonge70_c=293,12,0.470379572,13,0.310187867,70,12,12,2,4,12,13,13
SBF2,0.50,Tonge70_c=320,11,0.441497977,11,0.120799613,70,11,11,0,4,11,11,11
SBF2,0.50,arc111_c=11378,14,11.175211274,14,64.34267953,111,14,14,1,4,14,14,14
SBF2,0.50,arc111_c=5755,27,34.012045618,27,46.956274135,111,27,27,18,21,27,27,27
SBF2,0.50,arc111_c=8847,18,87.7992164,18,83.680157171,111,17,17,5,9,17,18,18
SBF2,0.50,arc83_c=10816,8,1.112701817,8,82.460453317,83,7,7,0,1,7,8,8
SBF2,0.50,arc83_c=5853,14,1.2016208,14,0.196596801,83,13,13,1,3,14,14,14
SBF2,0.50,arc83_c=6842,12,0.877735301,12,0.184157769,83,12,12,1,2,12,12,12
SBF2,0.50,arc83_c=8412,10,0.617561822,10,0.225477688,83,10,10,0,1,10,10,10
SBF2,0.50,arc83_c=8898,9,0.488509706,9,0.074086966,83,9,9,0,1,9,9,9
SBF2,0.50,barthol2_c=115,37,552.435644623,37,0.709762924,148,37,37,13,23,37,37,37
SBF2,0.50,barthol2_c=118,36,565.634196617,36,0.887078873,148,36,36,12,21,36,36,36
SBF2,0.50,barthol2_c=125,34,519.38854852,34,1.032935767,148,34,34,11,16,34,34,34
SBF2,0.50,barthol2_c=133,32,554.536740526,32,1.305077174,148,32,32,7,15,32,32,32
SBF2,0.50,barthol2_c=137,31,505.438750022,31,0.921717743,148,31,31,7,15,31,31,31
SBF2,0.50,barthol2_c=142,30,418.911575898,30,1.248085985,148,30,30,6,11,30,30,30
SBF2,0.50,barthol2_c=146,29,508.987399171,29,3.146202075,148,29,29,6,10,29,29,29
SBF2,0.50,barthol2_c=152,28,358.303523526,28,1.200183809,148,28,28,6,10,28,28,28
SBF2,0.50,barthol2_c=157,27,436.069921593,27,2.366064332,148,27,27,4,9,27,27,27
SBF2,0.50,barthol2_c=163,26,404.60969098,26,4.037903148,148,26,26,1,8,26,26,26
SBF2,0.50,barthol2_c=170,25,411.425627935,25,2.294254493,148,25,25,0,7,25,25,25
SBF2,0.50,barthol2_c=99,43,586.788352936,43,0.513752221,148,43,43,20,28,43,43,43
SBF2,0.50,barthold_c=403,14,293.60399383,14,355.921841907,148,14,14,2,5,14,14,14
SBF2,0.50,barthold_c=434,13,238.620740894,13,32.382617508,148,13,13,2,4,13,13,13
SBF2,0.50,barthold_c=470,12,212.348454829,12,52.684038748,148,12,12,2,3,12,12,12
SBF2,0.50,barthold_c=513,11,175.512165609,11,19.171605546,148,11,11,2,2,11,11,11
SBF2,0.50,barthold_c=564,10,161.210927561,10,40.956284825,148,10,10,1,2,10,10,10
SBF2,0.50,barthold_c=626,9,138.604530431,9,14.349698268,148,9,9,1,1,9,9,9
SBF2,0.50,barthold_c=705,8,69.974095994,8,79.074453628,148,8,8,1,1,8,8,8
SBF2,0.50,barthold_c=805,7,59.219057467,7,79.823463965,148,7,7,0,1,7,7,7
SBF2,0.50,bowman8_c=20,5,0.001916022,5,6.69978e-4,8,5,5,4,4,5,5,5
SBF2,0.50,buxey_c=27,13,0.039515329,13,0.003543052,29,13,13,12,12,13,13,13
SBF2,0.50,buxey_c=30,11,0.039119087,12,0.003982937,29,11,11,8,9,11,12,12
SBF2,0.50,buxey_c=33,10,0.043630505,11,0.005293926,29,10,10,5,7,11,11,11
SBF2,0.50,buxey_c=36,9,0.050458874,10,0.004035802,29,9,9,4,7,9,10,10
SBF2,0.50,buxey_c=41,8,0.049143142,8,0.003703134,29,8,8,2,6,8,8,8
SBF2,0.50,buxey_c=47,7,0.0362558,7,0.004507575,29,7,7,1,4,7,7,7
SBF2,0.50,buxey_c=54,7,0.108593302,7,0.008811601,29,6,6,0,2,6,7,7
SBF2,0.50,gunther_c=41,13,0.097837536,14,0.004730312,35,12,12,12,12,13,14,14
SBF2,0.50,gunther_c=44,11,0.075661046,12,0.005068014,35,11,11,11,10,11,12,12
SBF2,0.50,gunther_c=49,10,0.055614161,11,0.007959363,35,10,10,7,8,10,11,11
SBF2,0.50,gunther_c=54,9,0.059018689,9,0.004498815,35,9,9,7,8,9,9,9
SBF2,0.50,gunther_c=61,8,0.04837319,9,0.0055446,35,8,8,2,6,8,9,9
SBF2,0.50,gunther_c=69,8,0.037827779,8,0.007401275,35,7,7,2,5,8,8,8
SBF2,0.50,gunther_c=81,7,0.040105067,7,0.008177541,35,6,6,0,4,7,7,7
SBF2,0.50,hahn_c=2004,8,0.035916985,8,0.004196866,53,8,8,5,4,8,8,8
SBF2,0.50,hahn_c=2338,7,0.018091298,7,0.023589052,53,7,7,3,3,7,7,7
SBF2,0.50,hahn_c=2806,6,0.026215861,6,0.01942567,53,5,5,2,3,5,6,6
SBF2,0.50,hahn_c=3507,5,0.014508598,5,0.004166842,53,5,5,1,2,5,5,5
SBF2,0.50,hahn_c=4676,4,0.014695507,4,0.004567126,53,4,4,0,1,4,4,4
SBF2,0.50,heskia_c=138,8,0.055097601,8,0.005430333,28,8,8,5,7,8,8,8
SBF2,0.50,heskia_c=205,5,0.087123233,5,0.022264142,28,5,5,2,3,5,5,5
SBF2,0.50,heskia_c=216,5,0.029340866,5,0.002459279,28,5,5,1,2,5,5,5
SBF2,0.50,heskia_c=256,4,0.058291003,4,0.013832837,28,4,4,0,2,4,4,4
SBF2,0.50,heskia_c=324,4,0.029614869,4,0.005384626,28,4,4,0,1,4,4,4
SBF2,0.50,heskia_c=342,3,0.036896845,3,0.008776212,28,3,3,0,0,3,3,3
SBF2,0.50,jackson_c=10,5,0.003325513,5,8.85968e-4,11,5,5,5,4,5,5,5
SBF2,0.50,jackson_c=13,4,0.002912556,4,8.92116e-4,11,4,4,1,3,4,4,4
SBF2,0.50,jackson_c=14,4,0.003055849,4,7.32047e-4,11,4,4,1,3,4,4,4
SBF2,0.50,jackson_c=21,3,0.002281003,3,7.53464e-4,11,3,3,0,1,3,3,3
SBF2,0.50,jackson_c=7,8,0.002607061,8,6.83728e-4,11,7,7,7,8,7,8,8
SBF2,0.50,jackson_c=9,6,0.004874635,6,8.55816e-4,11,6,6,6,5,6,6,6
SBF2,0.50,jaeschke_c=10,4,0.002016,4,5.20052e-4,9,4,4,3,4,4,4,4
SBF2,0.50,jaeschke_c=18,3,0.001825639,3,5.25687e-4,9,3,3,0,1,3,3,3
SBF2,0.50,jaeschke_c=6,8,0.001514664,8,4.74886e-4,9,8,8,8,8,8,8,8
SBF2,0.50,jaeschke_c=7,7,0.002602327,7,5.1986e-4,9,6,6,7,6,6,7,7
SBF2,0.50,jaeschke_c=8,6,0.002397012,6,5.12053e-4,9,5,5,6,5,6,6,6
SBF2,0.50,kilbrid_c=110,6,0.053624678,6,0.021154538,45,6,6,1,1,6,6,6
SBF2,0.50,kilbrid_c=111,5,0.106174382,5,0.018518686,45,5,5,0,1,5,5,5
SBF2,0.50,kilbrid_c=138,4,0.159348108,4,0.031581882,45,4,4,0,1,4,4,4
SBF2,0.50,kilbrid_c=184,3,0.09806323,3,0.042533717,45,3,3,0,0,3,3,3
SBF2,0.50,kilbrid_c=56,10,0.298315209,10,0.013003864,45,10,10,2,6,10,10,10
SBF2,0.50,kilbrid_c=57,10,0.143312922,10,0.01070849,45,10,10,2,6,10,10,10
SBF2,0.50,kilbrid_c=62,9,0.311870357,9,0.012449595,45,9,9,1,4,9,9,9
SBF2,0.50,kilbrid_c=69,8,0.25454226,8,0.010586078,45,8,8,1,3,8,8,8
SBF2,0.50,kilbrid_c=79,7,0.209823634,7,0.019114443,45,7,7,1,2,7,7,7
SBF2,0.50,kilbrid_c=92,6,0.186035699,6,0.02585602,45,6,6,1,1,6,6,6
SBF2,0.50,lutz1_c=1414,11,0.010321824,11,0.002750828,32,11,11,2,6,11,11,11
SBF2,0.50,lutz1_c=1572,10,0.008809873,10,0.003347272,32,10,10,2,5,10,10,10
SBF2,0.50,lutz1_c=1768,9,0.008112251,9,0.003976698,32,9,9,1,4,9,9,9
SBF2,0.50,lutz1_c=2020,8,0.016057889,8,0.003874668,32,8,8,1,3,8,8,8
SBF2,0.50,lutz1_c=2357,7,0.007153797,7,0.003870122,32,7,7,1,1,7,7,7
SBF2,0.50,lutz1_c=2828,6,0.011977929,6,0.002424718,32,6,6,0,1,6,6,6
SBF2,0.50,lutz2_c=11,47,2.171522352,49,0.013511885,89,46,46,44,45,46,49,49
SBF2,0.50,lutz2_c=12,42,1.467681098,44,0.014953048,89,42,42,40,41,42,44,44
SBF2,0.50,lutz2_c=13,39,1.750684218,40,0.018688945,89,39,39,35,36,39,40,40
SBF2,0.50,lutz2_c=14,36,1.507714236,37,0.022489578,89,36,36,31,32,36,37,37
SBF2,0.50,lutz2_c=15,33,1.222844182,33,0.024785256,89,33,33,26,27,33,34,33
SBF2,0.50,lutz2_c=16,31,1.447603941,31,0.02376355,89,31,31,22,22,31,31,31
SBF2,0.50,lutz2_c=17,29,0.975226059,29,0.025803721,89,29,29,17,22,29,29,29
SBF2,0.50,lutz2_c=18,27,1.168602982,28,0.023691645,89,27,27,13,21,27,28,28
SBF2,0.50,lutz2_c=19,26,0.907851389,26,0.023781115,89,26,26,8,18,26,26,26
SBF2,0.50,lutz2_c=20,25,0.944288367,25,0.026080117,89,25,25,4,18,25,25,25
SBF2,0.50,lutz2_c=21,24,1.114512151,24,0.031273999,89,24,24,0,16,24,24,24
SBF2,0.50,lutz3_c=103,17,0.499806535,17,0.115616101,89,16,16,3,5,17,17,17
SBF2,0.50,lutz3_c=110,15,0.387978992,15,0.160987072,89,15,15,3,5,15,15,15
SBF2,0.50,lutz3_c=118,14,0.36853241,14,0.169850951,89,14,14,3,3,14,14,14
SBF2,0.50,lutz3_c=127,13,0.356837439,14,0.141597467,89,13,13,2,2,13,14,14
SBF2,0.50,lutz3_c=137,13,0.235726995,13,0.135859509,89,13,13,1,2,13,13,13
SBF2,0.50,lutz3_c=150,11,0.329886579,12,0.268027856,89,11,11,0,2,11,12,12
SBF2,0.50,lutz3_c=75,22,0.673376845,23,0.07646552,89,22,22,8,12,23,23,23
SBF2,0.50,lutz3_c=79,21,0.36409115,22,0.063216731,89,21,21,5,11,21,22,22
SBF2,0.50,lutz3_c=83,20,0.457634504,21,0.059861975,89,20,20,5,10,20,21,21
SBF2,0.50,lutz3_c=87,20,0.513417813,20,0.062123149,89,19,19,4,9,20,20,20
SBF2,0.50,lutz3_c=92,18,0.417635522,19,0.113850325,89,18,18,4,8,18,19,19
SBF2,0.50,lutz3_c=97,17,0.683897597,18,0.087811333,89,17,17,3,6,17,18,18
SBF2,0.50,mansoor_c=48,4,0.002679919,4,7.87567e-4,11,4,4,3,3,4,4,4
SBF2,0.50,mansoor_c=62,3,0.003763112,3,7.14363e-4,11,3,3,3,2,3,3,3
SBF2,0.50,mansoor_c=94,2,0.002202021,2,5.63721e-4,11,2,2,0,2,2,2,2
SBF2,0.50,mertens_c=10,3,0.001676823,3,5.38927e-4,7,3,3,3,3,3,3,3
SBF2,0.50,mertens_c=15,2,0.001930396,2,5.34188e-4,7,2,2,0,2,2,2,2
SBF2,0.50,mertens_c=18,2,0.001739314,2,5.39891e-4,7,2,2,0,1,2,2,2
SBF2,0.50,mertens_c=6,6,0.001605208,6,5.9295e-4,7,6,6,6,6,6,6,6
SBF2,0.50,mertens_c=7,5,0.001516296,5,5.37242e-4,7,5,5,5,5,5,5,5
SBF2,0.50,mertens_c=8,5,0.001580262,5,6.007e-4,7,5,5,5,4,5,5,5
SBF2,0.50,mitchell_c=14,8,0.004817087,8,0.001709329,21,8,8,5,6,8,8,8
SBF2,0.50,mitchell_c=15,8,0.006130246,8,0.002221814,21,8,8,4,6,8,8,8
SBF2,0.50,mitchell_c=21,5,0.004103657,5,7.75586e-4,21,5,5,1,3,5,5,5
SBF2,0.50,mitchell_c=26,5,0.005371938,5,0.001298659,21,5,5,1,2,5,5,5
SBF2,0.50,mitchell_c=35,3,0.003373674,3,9.11749e-4,21,3,3,0,1,3,3,3
SBF2,0.50,mitchell_c=39,3,0.003654011,3,9.56672e-4,21,3,3,0,1,3,3,3
SBF2,0.50,mukherje_c=176,25,21.287339254,25,0.808348692,94,25,25,10,15,25,25,25
SBF2,0.50,mukherje_c=183,24,18.139702078,24,1.399686454,94,24,24,10,15,24,24,24
SBF2,0.50,mukherje_c=192,23,12.878975176,23,0.748213482,94,22,22,8,12,23,23,23
SBF2,0.50,mukherje_c=201,22,12.357151467,22,0.980118807,94,21,21,8,11,22,22,22
SBF2,0.50,mukherje_c=211,21,19.063105763,21,0.458063928,94,20,20,7,10,21,21,21
SBF2,0.50,mukherje_c=222,20,8.814558318,20,1.398120175,94,19,19,7,9,20,20,20
SBF2,0.50,mukherje_c=234,19,7.91093507,19,2.427801246,94,18,18,4,7,19,19,19
SBF2,0.50,mukherje_c=248,18,9.884237458,18,55.712235845,94,17,17,3,6,18,18,18
SBF2,0.50,mukherje_c=263,17,5.721357156,17,85.702750271,94,16,16,3,5,17,17,17
SBF2,0.50,mukherje_c=281,16,4.049916354,16,9.940394095,94,15,15,3,5,16,16,16
SBF2,0.50,mukherje_c=301,15,3.987028362,15,7.380244883,94,14,14,2,4,15,15,15
SBF2,0.50,mukherje_c=324,14,3.652938701,13,599.980687976,94,13,13,1,4,14,14,14
SBF2,0.50,mukherje_c=351,13,2.519022691,13,5.562591412,94,12,12,0,2,13,13,13
SBF2,0.50,roszieg_c=14,10,0.011207395,10,0.002210637,25,9,9,6,7,10,10,10
SBF2,0.50,roszieg_c=16,8,0.007346665,8,0.002776676,25,8,8,4,4,8,8,8
SBF2,0.50,roszieg_c=18,8,0.012510563,8,0.003714158,25,7,7,2,4,8,8,8
SBF2,0.50,roszieg_c=21,6,0.006159179,6,0.003200948,25,6,6,1,4,6,6,6
SBF2,0.50,roszieg_c=25,6,0.012736102,6,0.003349352,25,5,5,1,2,6,6,6
SBF2,0.50,roszieg_c=32,4,0.007285971,4,0.001020238,25,4,4,0,1,4,4,4
SBF2,0.50,sawyer30_c=25,13,0.103215193,14,0.004355926,30,13,13,12,12,13,14,14
SBF2,0.50,sawyer30_c=27,13,0.049681916,13,0.004122054,30,13,13,12,11,13,13,13
SBF2,0.50,sawyer30_c=30,11,0.058481186,12,0.005105663,30,11,11,8,9,11,12,12
SBF2,0.50,sawyer30_c=36,9,0.064012934,10,0.005864206,30,9,9,4,7,9,10,10
SBF2,0.50,sawyer30_c=41,8,0.060289917,8,0.004819522,30,8,8,2,6,8,8,8
SBF2,0.50,sawyer30_c=54,6,0.045703679999999997,7,0.010246927,30,6,6,0,2,6,7,7
SBF2,0.50,sawyer30_c=75,5,0.017853414,5,0.005583378,30,5,5,0,1,5,5,5
SBF2,0.50,tonge70_c=364,10,0.266807355,10,0.048802395,70,10,10,0,3,10,10,10
SBF2,0.50,tonge70_c=410,9,0.164903184,9,0.081433785,70,9,9,0,2,9,9,9
SBF2,0.50,tonge70_c=468,8,0.17097691,8,0.073454414,70,8,8,0,1,8,8,8
SBF2,0.50,tonge70_c=527,7,0.140784088,7,0.03859595,70,7,7,0,0,7,7,7
SBF2,0.50,warnecke_c=104,15,0.622915125,15,0.026514751,58,15,15,3,9,15,15,15
SBF2,0.50,warnecke_c=111,14,0.490667345,14,0.030451949,58,14,14,0,8,14,14,14
SBF2,0.50,warnecke_c=54,30,0.758173194,31,0.007934455,58,30,30,26,26,30,31,31
SBF2,0.50,warnecke_c=56,29,0.676480237,29,0.009888087,58,29,29,26,24,29,29,29
SBF2,0.50,warnecke_c=58,28,0.625027322,29,0.015819864,58,28,28,25,24,28,29,29
SBF2,0.50,warnecke_c=60,27,0.74906876,27,0.00867587,58,27,27,24,24,27,27,27
SBF2,0.50,warnecke_c=62,26,0.921708241,27,0.010443391,58,26,26,24,24,26,27,27
SBF2,0.50,warnecke_c=65,24,0.682107745,25,0.012051375,58,24,24,24,23,24,25,25
SBF2,0.50,warnecke_c=68,23,0.889682089,24,0.013803901,58,23,23,19,21,23,24,24
SBF2,0.50,warnecke_c=71,22,0.820468634,23,0.009693126,58,22,22,16,18,22,23,23
SBF2,0.50,warnecke_c=74,21,1.01904795,22,0.011610556,58,21,21,14,17,21,22,22
SBF2,0.50,warnecke_c=78,20,0.838761043,21,0.016997777,58,20,20,13,15,20,21,21
SBF2,0.50,warnecke_c=82,19,0.862726599,20,0.01453538,58,19,19,13,13,19,20,20
SBF2,0.50,warnecke_c=86,18,1.140618989,19,0.014150829,58,18,18,11,13,18,19,19
SBF2,0.50,warnecke_c=92,17,0.944707018,17,0.013164704,58,17,17,7,12,17,17,17
SBF2,0.50,warnecke_c=97,16,0.91129191,17,0.022878124,58,16,16,6,12,16,17,17
SBF2,0.50,wee-mag_c=28,56,4.177339355,63,0.002875752,75,56,56,61,63,56,63,63
SBF2,0.50,wee-mag_c=29,53,11.619897803,63,0.003477143,75,53,53,61,63,53,63,63
SBF2,0.50,wee-mag_c=30,51,12.197806292,62,0.003145777,75,51,51,61,62,51,62,62
SBF2,0.50,wee-mag_c=31,49,14.570840583,62,0.003462487,75,49,49,60,62,49,62,62
SBF2,0.50,wee-mag_c=32,48,22.462130701,61,0.003531912,75,48,48,60,57,48,61,61
SBF2,0.50,wee-mag_c=33,47,95.728279221,61,0.003324494,75,46,46,60,51,46,61,61
SBF2,0.50,wee-mag_c=34,47,75.27437829,61,0.003679901,75,45,45,60,47,45,61,61
SBF2,0.50,wee-mag_c=35,46,100.847088241,60,0.003500303,75,43,43,60,43,43,60,60
SBF2,0.50,wee-mag_c=36,46,138.781245007,60,0.003892944,75,42,42,60,41,42,60,60
SBF2,0.50,wee-mag_c=37,45,164.089276836,60,0.003496571,75,41,41,60,40,41,60,60
SBF2,0.50,wee-mag_c=38,45,168.76416502,60,0.003764316,75,40,40,60,35,40,60,60
SBF2,0.50,wee-mag_c=39,45,161.709965045,60,0.003750082,75,39,39,60,33,39,60,60
SBF2,0.50,wee-mag_c=40,45,210.913874189,60,0.003497882,75,38,38,60,32,38,60,60
SBF2,0.50,wee-mag_c=41,43,69.120821313,59,0.003354167,75,37,37,59,31,37,59,59
SBF2,0.50,wee-mag_c=42,37,89.672874558,55,0.004348703,75,36,36,55,31,36,55,55
SBF2,0.50,wee-mag_c=43,36,48.967199637,50,0.004416106,75,35,35,50,31,36,50,50
SBF2,0.50,wee-mag_c=45,34,26.05556725,38,0.01107058,75,34,34,31,31,34,38,38
SBF2,0.50,wee-mag_c=46,33,24.475711744,34,0.013504852,75,33,33,27,30,33,34,34
SBF2,0.50,wee-mag_c=47,32,25.254843158,33,0.036107524,75,32,32,23,30,32,33,33
SBF2,0.50,wee-mag_c=49,31,38.265437299,32,0.015768396,75,31,31,17,30,31,32,32
SBF2,0.50,wee-mag_c=50,31,52.013888668,32,0.020835369,75,30,30,13,30,30,32,32
SBF2,0.50,wee-mag_c=52,29,28.974331803,31,0.014362314,75,29,29,5,30,29,31,31
SBF2,0.50,wee-mag_c=54,28,32.659167748,31,0.01004979,75,28,28,1,30,28,31,31
SBF2,0.50,wee-mag_c=56,27,33.739139263,30,0.012525202,75,27,27,0,30,27,30,30
SBF2,0.75,Arc111_c=10027,16,46.92759211,15,599.973964314,111,15,15,4,7,15,16,16
SBF2,0.75,Arc111_c=10743,14,30.001771178,14,599.94909365,111,14,14,2,4,14,15,14
SBF2,0.75,Arc111_c=11570,13,19.064099067,13,193.054932137,111,13,13,0,4,13,13,13
SBF2,0.75,Arc111_c=17067,9,11.421218287,9,6.04235149,111,9,9,0,1,9,9,9
SBF2,0.75,Arc111_c=5785,27,123.405430224,27,101.172434939,111,26,26,17,21,27,27,27
SBF2,0.75,Arc111_c=6016,26,29.620419668,26,66.165935748,111,26,26,15,18,26,26,26
SBF2,0.75,Arc111_c=6267,25,147.047987915,25,86.45973558,111,24,24,14,17,25,25,25
SBF2,0.75,Arc111_c=6540,24,97.268468661,24,37.721777066,111,23,23,13,17,24,24,24
SBF2,0.75,Arc111_c=6837,23,74.515323575,23,260.796321445,111,22,22,12,15,23,23,23
SBF2,0.75,Arc111_c=7162,22,31.037290241,22,85.743711043,111,22,22,8,13,22,22,22
SBF2,0.75,Arc111_c=7520,20,44.192775022,21,258.008221427,111,20,20,8,13,20,21,21
SBF2,0.75,Arc111_c=7916,20,51.763633831,20,285.358072754,111,19,19,8,12,19,20,20
SBF2,0.75,Arc111_c=8356,19,67.824356098,19,105.686086209,111,18,18,5,10,18,19,19
SBF2,0.75,Arc111_c=9400,16,34.53877757,17,275.295300886,111,16,16,5,7,16,17,17
SBF2,0.75,Arc83_c=3786,21,2.014185384,21,0.130415007,83,21,21,5,9,21,21,21
SBF2,0.75,Arc83_c=3985,20,2.321700243,20,0.123600586,83,20,20,5,6,20,20,20
SBF2,0.75,Arc83_c=4206,19,2.239681185,19,0.158125047,83,19,19,4,6,19,19,19
SBF2,0.75,Arc83_c=4454,18,6.324452139,18,0.104563682,83,17,17,4,6,18,18,18
SBF2,0.75,Arc83_c=4732,17,1.994351136,17,0.166010165,83,17,17,3,6,17,17,17
SBF2,0.75,Arc83_c=5048,16,4.846127582,16,0.22394371800000001,83,15,15,3,5,16,16,16
SBF2,0.75,Arc83_c=5408,15,1.06698784,15,0.223239349,83,15,15,2,4,15,15,15
SBF2,0.75,Arc83_c=5824,14,1.052248993,14,0.321217742,83,14,14,1,3,14,14,14
SBF2,0.75,Arc83_c=6309,13,1.045451307,13,0.325887743,83,13,13,1,2,13,13,13
SBF2,0.75,Arc83_c=6883,12,0.796445021,12,0.30497126,83,12,12,1,2,12,12,12
SBF2,0.75,Arc83_c=7571,11,0.902491844,11,0.159475109,83,11,11,0,2,11,11,11
SBF2,0.75,Sawyer30_c=33,10,0.059954908,11,0.00480619,30,10,10,5,7,10,11,11
SBF2,0.75,Sawyer30_c=47,7,0.041784645,7,0.004258145,30,7,7,1,4,7,7,7
SBF2,0.75,Tonge70_c=160,23,1.408858667,23,0.048916401,70,23,23,14,16,23,23,23
SBF2,0.75,Tonge70_c=168,21,1.102746934,22,0.090577302,70,21,21,13,15,21,22,22
SBF2,0.75,Tonge70_c=176,20,1.248839829,21,0.054892386,70,20,20,12,15,20,21,21
SBF2,0.75,Tonge70_c=185,19,0.939858003,20,0.062342988,70,19,19,9,14,19,20,20
SBF2,0.75,Tonge70_c=195,18,0.985892578,19,0.076716032,70,18,18,8,13,18,19,19
SBF2,0.75,Tonge70_c=207,17,0.860272769,18,0.14947739,70,17,17,7,11,17,18,18
SBF2,0.75,Tonge70_c=220,16,0.765836853,17,0.168770802,70,16,16,7,9,16,17,17
SBF2,0.75,Tonge70_c=234,15,0.908015215,16,0.145825082,70,15,15,7,8,15,16,16
SBF2,0.75,Tonge70_c=251,14,0.747104152,14,0.245599692,70,14,14,6,7,14,14,14
SBF2,0.75,Tonge70_c=270,13,0.584620198,14,0.624448316,70,13,13,4,5,13,14,14
SBF2,0.75,Tonge70_c=293,12,0.449547245,13,0.465132068,70,12,12,2,4,12,13,13
SBF2,0.75,Tonge70_c=320,11,0.39055041,11,0.511970671,70,11,11,0,4,11,11,11
SBF2,0.75,arc111_c=11378,14,11.190758723,14,135.021599697,111,14,14,1,4,14,14,14
SBF2,0.75,arc111_c=5755,27,42.653879864,27,61.903455429,111,27,27,18,21,27,27,27
SBF2,0.75,arc111_c=8847,18,84.203660953,18,168.261205842,111,17,17,5,9,17,18,18
SBF2,0.75,arc83_c=10816,8,0.79797954,8,141.119363785,83,7,7,0,1,7,8,8
SBF2,0.75,arc83_c=5853,14,1.0081215,14,0.495608889,83,13,13,1,3,14,14,14
SBF2,0.75,arc83_c=6842,12,1.169465012,12,0.141622886,83,12,12,1,2,12,12,12
SBF2,0.75,arc83_c=8412,10,0.574644733,10,0.993182885,83,10,10,0,1,10,10,10
SBF2,0.75,arc83_c=8898,9,0.47744037,9,0.157560334,83,9,9,0,1,9,9,9
SBF2,0.75,barthol2_c=104,41,593.236459168,41,1.239017945,148,41,41,18,25,41,41,41
SBF2,0.75,barthol2_c=109,39,563.173360729,39,1.608947845,148,39,39,15,24,39,39,39
SBF2,0.75,barthol2_c=112,38,505.771044044,38,1.30276228,148,38,38,13,23,38,38,38
SBF2,0.75,barthol2_c=115,37,561.255412947,37,2.080626543,148,37,37,13,23,37,37,37
SBF2,0.75,barthol2_c=118,36,522.288628452,36,2.100182064,148,36,36,12,21,36,36,36
SBF2,0.75,barthol2_c=121,35,590.440740813,35,4.28964437,148,35,35,12,18,35,35,35
SBF2,0.75,barthol2_c=125,34,498.990902435,34,1.902793155,148,34,34,11,16,34,34,34
SBF2,0.75,barthol2_c=129,33,474.109450813,33,2.058999491,148,33,33,8,15,33,33,33
SBF2,0.75,barthol2_c=133,32,459.645759211,32,2.503070627,148,32,32,7,15,32,32,32
SBF2,0.75,barthol2_c=137,31,427.010463023,31,3.862827262,148,31,31,7,15,31,31,31
SBF2,0.75,barthol2_c=142,30,480.341683753,30,2.50858044,148,30,30,6,11,30,30,30
SBF2,0.75,barthol2_c=146,29,448.973691889,29,41.665373885,148,29,29,6,10,29,29,29
SBF2,0.75,barthol2_c=152,28,406.512472033,28,1.864404102,148,28,28,6,10,28,28,28
SBF2,0.75,barthol2_c=157,27,399.595958865,27,7.57006353,148,27,27,4,9,27,27,27
SBF2,0.75,barthol2_c=163,26,399.499890191,26,9.586133535,148,26,26,1,8,26,26,26
SBF2,0.75,barthol2_c=93,46,537.76200109,46,0.688000126,148,46,46,27,34,46,47,46
SBF2,0.75,barthold_c=403,14,371.323852233,14,599.92858907,148,14,14,2,5,14,14,14
SBF2,0.75,barthold_c=434,13,235.523541527,13,128.811007398,148,13,13,2,4,13,13,13
SBF2,0.75,barthold_c=470,12,250.710287565,12,170.158479098,148,12,12,2,3,12,12,12
SBF2,0.75,barthold_c=513,11,181.362691017,11,31.154835173,148,11,11,2,2,11,11,11
SBF2,0.75,barthold_c=564,10,186.815049835,10,476.166182224,148,10,10,1,2,10,10,10
SBF2,0.75,barthold_c=626,9,130.198870486,9,61.392553002,148,9,9,1,1,9,9,9
SBF2,0.75,barthold_c=705,8,98.186607312,8,29.219825845,148,8,8,1,1,8,8,8
SBF2,0.75,barthold_c=805,7,52.802952293,7,30.706537604,148,7,7,0,1,7,7,7
SBF2,0.75,bowman8_c=20,5,0.001438165,5,7.66413e-4,8,5,5,4,4,5,5,5
SBF2,0.75,buxey_c=27,13,0.040229707,13,0.003871329,29,13,13,12,12,13,13,13
SBF2,0.75,buxey_c=30,11,0.056970819,12,0.004278644,29,11,11,8,9,11,12,12
SBF2,0.75,buxey_c=33,10,0.064036884,11,0.00468351,29,10,10,5,7,11,11,11
SBF2,0.75,buxey_c=36,10,0.055320844,10,0.005735739,29,9,9,4,7,9,10,10
SBF2,0.75,buxey_c=41,8,0.042231318,8,0.004121707,29,8,8,2,6,8,8,8
SBF2,0.75,buxey_c=47,7,0.033917949,7,0.005691097,29,7,7,1,4,7,7,7
SBF2,0.75,buxey_c=54,7,0.0699501,7,0.010633128,29,6,6,0,2,6,7,7
SBF2,0.75,gunther_c=41,13,0.079127856,14,0.003873396,35,12,12,12,12,13,14,14
SBF2,0.75,gunther_c=44,11,0.068733662,12,0.004995841,35,11,11,11,10,11,12,12
SBF2,0.75,gunther_c=49,10,0.046376359,11,0.005096611,35,10,10,7,8,10,11,11
SBF2,0.75,gunther_c=54,9,0.045632843,9,0.008539306,35,9,9,7,8,9,9,9
SBF2,0.75,gunther_c=61,8,0.051537737,9,0.003679619,35,8,8,2,6,8,9,9
SBF2,0.75,gunther_c=69,8,0.033414241,8,0.006332811,35,7,7,2,5,8,8,8
SBF2,0.75,gunther_c=81,7,0.067948463,7,0.010194581,35,6,6,0,4,7,7,7
SBF2,0.75,hahn_c=2004,8,0.025347405,8,0.004854469,53,8,8,5,4,8,8,8
SBF2,0.75,hahn_c=2338,7,0.018481212,7,0.036776045,53,7,7,3,3,7,7,7
SBF2,0.75,hahn_c=2806,6,0.024258556,6,0.020094002,53,5,5,2,3,5,6,6
SBF2,0.75,hahn_c=3507,5,0.015429044,5,0.005048801,53,5,5,1,2,5,5,5
SBF2,0.75,hahn_c=4676,4,0.013810442,4,0.005304906,53,4,4,0,1,4,4,4
SBF2,0.75,heskia_c=138,8,0.055458077,8,0.008148912,28,8,8,5,7,8,8,8
SBF2,0.75,heskia_c=205,5,0.092430328,5,0.018118184,28,5,5,2,3,5,5,5
SBF2,0.75,heskia_c=216,5,0.027322824,5,0.004084858,28,5,5,1,2,5,5,5
SBF2,0.75,heskia_c=256,4,0.058413657,4,0.014576945,28,4,4,0,2,4,4,4
SBF2,0.75,heskia_c=324,4,0.021894036,4,0.00523482,28,4,4,0,1,4,4,4
SBF2,0.75,heskia_c=342,3,0.033893765,3,0.010560896,28,3,3,0,0,3,3,3
SBF2,0.75,jackson_c=10,5,0.003271421,5,9.6825e-4,11,5,5,5,4,5,5,5
SBF2,0.75,jackson_c=13,4,0.002697711,4,0.001157597,11,4,4,1,3,4,4,4
SBF2,0.75,jackson_c=14,4,0.002906966,4,0.001384321,11,4,4,1,3,4,4,4
SBF2,0.75,jackson_c=21,3,0.002636812,3,8.35988e-4,11,3,3,0,1,3,3,3
SBF2,0.75,jackson_c=7,8,0.002277764,8,7.1846e-4,11,8,8,7,8,8,8,8
SBF2,0.75,jackson_c=9,6,0.003063136,6,8.99192e-4,11,6,6,6,5,6,6,6
SBF2,0.75,jaeschke_c=10,4,0.001675106,4,5.81478e-4,9,4,4,3,4,4,4,4
SBF2,0.75,jaeschke_c=18,3,0.001736165,3,8.1781e-4,9,3,3,0,1,3,3,3
SBF2,0.75,jaeschke_c=6,8,0.001432952,8,5.51068e-4,9,8,8,8,8,8,8,8
SBF2,0.75,jaeschke_c=7,7,0.001620566,7,6.69888e-4,9,6,6,7,6,6,7,7
SBF2,0.75,jaeschke_c=8,6,0.002176622,6,5.67177e-4,9,5,5,6,5,6,6,6
SBF2,0.75,kilbrid_c=110,6,0.057659129,6,0.02251552,45,6,6,1,1,6,6,6
SBF2,0.75,kilbrid_c=111,5,0.090091835,5,0.016318524,45,5,5,0,1,5,5,5
SBF2,0.75,kilbrid_c=138,4,0.077070253,4,0.037894247,45,4,4,0,1,4,4,4
SBF2,0.75,kilbrid_c=184,3,0.04381863,3,0.043293107,45,3,3,0,0,3,3,3
SBF2,0.75,kilbrid_c=56,10,0.231446129,10,0.016337645,45,10,10,2,6,10,10,10
SBF2,0.75,kilbrid_c=57,10,0.121963478,10,0.014062486,45,10,10,2,6,10,10,10
SBF2,0.75,kilbrid_c=62,9,0.208875986,9,0.013937277,45,9,9,1,4,9,9,9
SBF2,0.75,kilbrid_c=69,8,0.222803114,8,0.012864936,45,8,8,1,3,8,8,8
SBF2,0.75,kilbrid_c=79,7,0.187650512,7,0.022844458,45,7,7,1,2,7,7,7
SBF2,0.75,kilbrid_c=92,6,0.155123213,6,0.027820127,45,6,6,1,1,6,6,6
SBF2,0.75,lutz1_c=1414,11,0.01157052,11,0.002773714,32,11,11,2,6,11,11,11
SBF2,0.75,lutz1_c=1572,10,0.011353583,10,0.003256466,32,10,10,2,5,10,10,10
SBF2,0.75,lutz1_c=1768,9,0.008101264,9,0.004361633,32,9,9,1,4,9,9,9
SBF2,0.75,lutz1_c=2020,8,0.016743766,8,0.004279598,32,8,8,1,3,8,8,8
SBF2,0.75,lutz1_c=2357,7,0.013726964,7,0.003229107,32,7,7,1,1,7,7,7
SBF2,0.75,lutz1_c=2828,6,0.008029942,6,0.005091237,32,6,6,0,1,6,6,6
SBF2,0.75,lutz2_c=11,47,1.5632869,49,0.010844978,89,47,47,44,45,47,49,49
SBF2,0.75,lutz2_c=12,42,1.875257859,44,0.012477861,89,42,42,40,41,42,44,44
SBF2,0.75,lutz2_c=13,39,2.226188996,40,0.016061363,89,39,39,35,36,39,40,40
SBF2,0.75,lutz2_c=14,36,1.579669847,37,0.020291866,89,36,36,31,32,36,37,37
SBF2,0.75,lutz2_c=15,33,1.898134767,34,0.026023742,89,33,33,26,27,33,34,34
SBF2,0.75,lutz2_c=16,31,1.29493944,31,0.028676075,89,31,31,22,23,31,31,31
SBF2,0.75,lutz2_c=17,29,1.115659701,29,0.030601324,89,29,29,17,22,29,29,29
SBF2,0.75,lutz2_c=18,27,1.583964351,28,0.035646428,89,27,27,13,21,27,28,28
SBF2,0.75,lutz2_c=19,26,1.150137031,26,0.026601754,89,26,26,8,18,26,26,26
SBF2,0.75,lutz2_c=20,25,1.052580082,25,0.031805368,89,25,25,4,18,25,25,25
SBF2,0.75,lutz2_c=21,24,0.953577565,24,0.035621441,89,24,24,0,16,24,24,24
SBF2,0.75,lutz3_c=103,17,0.436012802,17,0.147030246,89,16,16,3,5,17,17,17
SBF2,0.75,lutz3_c=110,15,0.356118996,15,0.135295843,89,15,15,3,5,15,15,15
SBF2,0.75,lutz3_c=118,14,0.389705644,14,0.243135187,89,14,14,3,3,14,14,14
SBF2,0.75,lutz3_c=127,13,0.301358293,14,0.201431726,89,13,13,2,2,13,14,14
SBF2,0.75,lutz3_c=137,13,0.443024845,13,0.135087562,89,13,13,1,2,13,13,13
SBF2,0.75,lutz3_c=150,11,0.306333778,12,0.397632316,89,11,11,0,2,11,12,12
SBF2,0.75,lutz3_c=75,22,0.667249977,23,0.086006151,89,22,22,8,12,23,23,23
SBF2,0.75,lutz3_c=79,21,0.540520053,22,0.119212575,89,21,21,5,11,21,22,22
SBF2,0.75,lutz3_c=83,20,0.60528898,21,0.070151992,89,20,20,5,10,20,21,21
SBF2,0.75,lutz3_c=87,20,0.472783534,20,0.067912902,89,19,19,4,9,20,20,20
SBF2,0.75,lutz3_c=92,18,0.315666369,19,0.095437866,89,18,18,4,8,18,19,19
SBF2,0.75,lutz3_c=97,17,0.628363627,18,0.097244517,89,17,17,3,6,17,18,18
SBF2,0.75,mansoor_c=48,4,0.001815689,4,7.8916e-4,11,4,4,3,3,4,4,4
SBF2,0.75,mansoor_c=62,3,0.002054519,3,7.26353e-4,11,3,3,3,2,3,3,3
SBF2,0.75,mansoor_c=94,2,0.002051589,2,5.5852e-4,11,2,2,0,2,2,2,2
SBF2,0.75,mertens_c=10,3,0.002013284,3,9.44979e-4,7,3,3,3,3,3,3,3
SBF2,0.75,mertens_c=15,2,0.00119999,2,5.34804e-4,7,2,2,0,2,2,2,2
SBF2,0.75,mertens_c=18,2,0.001273766,2,5.38718e-4,7,2,2,0,1,2,2,2
SBF2,0.75,mertens_c=6,6,0.00119824,6,5.22652e-4,7,6,6,6,6,6,6,6
SBF2,0.75,mertens_c=7,5,0.001093536,5,5.32114e-4,7,5,5,5,5,5,5,5
SBF2,0.75,mertens_c=8,5,0.001552837,5,6.00383e-4,7,5,5,5,4,5,5,5
SBF2,0.75,mitchell_c=14,8,0.005594513,8,0.001666357,21,8,8,5,6,8,8,8
SBF2,0.75,mitchell_c=15,8,0.004967601,8,0.002464167,21,8,8,4,6,8,8,8
SBF2,0.75,mitchell_c=21,5,0.00330795,5,7.55507e-4,21,5,5,1,3,5,5,5
SBF2,0.75,mitchell_c=26,5,0.00530651,5,0.001352921,21,5,5,1,2,5,5,5
SBF2,0.75,mitchell_c=35,3,0.003225194,3,8.97781e-4,21,3,3,0,1,3,3,3
SBF2,0.75,mitchell_c=39,3,0.003982431,3,9.27676e-4,21,3,3,0,1,3,3,3
SBF2,0.75,mukherje_c=176,25,18.275594492,25,0.928336088,94,25,25,10,15,25,25,25
SBF2,0.75,mukherje_c=183,24,16.468886188,24,1.188435283,94,24,24,10,15,24,24,24
SBF2,0.75,mukherje_c=192,23,16.266980557,23,2.804918916,94,22,22,8,12,23,23,23
SBF2,0.75,mukherje_c=201,22,13.809940107,22,4.1059786,94,21,21,8,11,22,22,22
SBF2,0.75,mukherje_c=211,21,10.812705524,21,3.534693355,94,20,20,7,10,21,21,21
SBF2,0.75,mukherje_c=222,20,8.738118159,20,91.446315072,94,19,19,7,9,20,20,20
SBF2,0.75,mukherje_c=234,19,6.933537013,19,5.433147761,94,18,18,4,7,19,19,19
SBF2,0.75,mukherje_c=248,18,7.312386998,18,6.643204733,94,17,17,3,6,18,18,18
SBF2,0.75,mukherje_c=263,17,5.781517204,17,38.714516108,94,16,16,3,5,17,17,17
SBF2,0.75,mukherje_c=281,16,4.421803899,16,4.126878854,94,15,15,3,5,16,16,16
SBF2,0.75,mukherje_c=301,15,3.466603383,15,22.075875132,94,14,14,2,4,15,15,15
SBF2,0.75,mukherje_c=324,14,3.307573255,14,12.726311394,94,13,13,1,4,14,14,14
SBF2,0.75,mukherje_c=351,13,2.686596299,13,44.082248876,94,12,12,0,2,13,13,13
SBF2,0.75,roszieg_c=14,10,0.011068981,10,0.002156234,25,9,9,6,7,10,10,10
SBF2,0.75,roszieg_c=16,8,0.008191489,8,0.001684185,25,8,8,4,4,8,8,8
SBF2,0.75,roszieg_c=18,8,0.011084252,8,0.003118227,25,7,7,2,4,8,8,8
SBF2,0.75,roszieg_c=21,6,0.006146738,6,0.002993169,25,6,6,1,4,6,6,6
SBF2,0.75,roszieg_c=25,6,0.012444441,6,0.003247883,25,5,5,1,2,6,6,6
SBF2,0.75,roszieg_c=32,4,0.004840804,4,0.001007134,25,4,4,0,1,4,4,4
SBF2,0.75,sawyer30_c=25,13,0.089812165,14,0.00343659,30,13,13,12,12,13,14,14
SBF2,0.75,sawyer30_c=27,13,0.062820632,13,0.004184082,30,13,13,12,11,13,13,13
SBF2,0.75,sawyer30_c=30,11,0.063051026,12,0.004367768,30,11,11,8,9,11,12,12
SBF2,0.75,sawyer30_c=36,9,0.067223245,10,0.007785366,30,9,9,4,7,9,10,10
SBF2,0.75,sawyer30_c=41,8,0.050006705,8,0.003765012,30,8,8,2,6,8,8,8
SBF2,0.75,sawyer30_c=54,6,0.040360288,7,0.009395346,30,6,6,0,2,6,7,7
SBF2,0.75,sawyer30_c=75,5,0.029345106,5,0.005622224,30,5,5,0,1,5,5,5
SBF2,0.75,tonge70_c=364,10,0.207879903,10,0.058561712,70,10,10,0,3,10,10,10
SBF2,0.75,tonge70_c=410,9,0.242865981,9,0.091636244,70,9,9,0,2,9,9,9
SBF2,0.75,tonge70_c=468,8,0.172763038,8,0.065826285,70,8,8,0,1,8,8,8
SBF2,0.75,tonge70_c=527,7,0.122527012,7,0.044483751,70,7,7,0,0,7,7,7
SBF2,0.75,warnecke_c=104,15,0.598062509,15,0.028120368,58,15,15,3,9,15,15,15
SBF2,0.75,warnecke_c=111,14,0.409632586,14,0.033252455,58,14,14,0,8,14,14,14
SBF2,0.75,warnecke_c=54,30,0.57158091,31,0.008132511,58,30,30,26,26,30,31,31
SBF2,0.75,warnecke_c=56,29,0.662119312,29,0.009310488,58,29,29,26,24,29,29,29
SBF2,0.75,warnecke_c=58,28,0.680829885,29,0.010586103,58,28,28,25,24,28,29,29
SBF2,0.75,warnecke_c=60,27,0.680361096,27,0.011629105,58,27,27,24,24,27,27,27
SBF2,0.75,warnecke_c=62,26,0.55137537700000006,27,0.007623199,58,26,26,24,24,26,27,27
SBF2,0.75,warnecke_c=65,24,0.657808232,25,0.012148407,58,24,24,24,23,24,25,25
SBF2,0.75,warnecke_c=68,23,0.747103962,24,0.007227692,58,23,23,19,21,23,24,24
SBF2,0.75,warnecke_c=71,22,0.691587366,23,0.013884537,58,22,22,16,18,22,23,23
SBF2,0.75,warnecke_c=74,21,0.864671448,22,0.014826866,58,21,21,14,17,21,22,22
SBF2,0.75,warnecke_c=78,20,0.964895498,21,0.019008917,58,20,20,13,15,20,21,21
SBF2,0.75,warnecke_c=82,19,0.702470231,20,0.016171132,58,19,19,13,13,19,20,20
SBF2,0.75,warnecke_c=86,18,1.136669459,19,0.014103738,58,18,18,11,13,18,19,19
SBF2,0.75,warnecke_c=92,17,0.634839511,17,0.019131037,58,17,17,7,12,17,17,17
SBF2,0.75,warnecke_c=97,16,0.582464915,17,0.021392876,58,16,16,6,12,16,17,17
SBF2,0.75,wee-mag_c=28,56,3.150014239,63,0.00329205,75,56,56,61,63,56,63,63
SBF2,0.75,wee-mag_c=29,54,5.959977497,63,0.003966728,75,54,54,61,63,54,63,63
SBF2,0.75,wee-mag_c=30,52,7.72827517,62,0.003513951,75,52,52,61,62,52,62,62
SBF2,0.75,wee-mag_c=31,50,9.419110713,62,0.004319326,75,50,50,60,62,50,62,62
SBF2,0.75,wee-mag_c=32,48,12.026519948,61,0.003722455,75,48,48,60,57,48,61,61
SBF2,0.75,wee-mag_c=33,49,47.421366807,61,0.003640502,75,46,46,60,51,46,61,61
SBF2,0.75,wee-mag_c=34,48,114.219758431,61,0.003966027,75,45,45,60,47,45,61,61
SBF2,0.75,wee-mag_c=35,46,91.485090535,60,0.004183833,75,43,43,60,43,43,60,60
SBF2,0.75,wee-mag_c=36,46,179.283269882,60,0.004227145,75,42,42,60,41,42,60,60
SBF2,0.75,wee-mag_c=37,45,108.394386057,60,0.003920534,75,41,41,60,40,41,60,60
SBF2,0.75,wee-mag_c=38,45,106.936104726,60,0.004093676,75,40,40,60,35,40,60,60
SBF2,0.75,wee-mag_c=39,45,114.112822976,60,0.004190361,75,39,39,60,33,39,60,60
SBF2,0.75,wee-mag_c=40,46,103.459585232,60,0.004442192,75,38,38,60,32,38,60,60
SBF2,0.75,wee-mag_c=41,44,86.92356202,59,0.004110705,75,37,37,59,31,37,59,59
SBF2,0.75,wee-mag_c=42,37,58.909930306,55,0.00507811,75,36,36,55,31,36,55,55
SBF2,0.75,wee-mag_c=43,36,42.257949565,50,0.005560062,75,35,35,50,31,36,50,50
SBF2,0.75,wee-mag_c=45,34,25.565809075,38,0.010976899,75,34,34,31,31,34,38,38
SBF2,0.75,wee-mag_c=46,33,24.948129251,34,0.015184114,75,33,33,27,30,33,34,34
SBF2,0.75,wee-mag_c=47,32,23.548014827,33,0.036557684,75,32,32,23,30,32,33,33
SBF2,0.75,wee-mag_c=49,31,24.519792401,32,0.033564248,75,31,31,17,30,31,32,32
SBF2,0.75,wee-mag_c=50,31,39.215470358,32,0.019645299,75,30,30,13,30,30,32,32
SBF2,0.75,wee-mag_c=52,29,29.555076668,31,0.018271184,75,29,29,5,30,29,31,31
SBF2,0.75,wee-mag_c=54,28,26.827533963,31,0.01649004,75,28,28,1,30,28,31,31
SBF2,0.75,wee-mag_c=56,27,23.532271553,30,0.016019261,75,27,27,0,30,27,30,30
SBF2,1.00,Arc111_c=10027,16,34.426388491,16,477.98822732,111,15,15,4,7,15,16,16
SBF2,1.00,Arc111_c=10743,14,32.433071969,14,599.969476841,111,14,14,2,4,14,15,14
SBF2,1.00,Arc111_c=11570,13,18.379691866,13,324.400420514,111,13,13,0,4,13,13,13
SBF2,1.00,Arc111_c=17067,9,8.015339883,9,74.083503348,111,9,9,0,1,9,9,9
SBF2,1.00,Arc111_c=5785,27,118.807191229,27,365.740789366,111,26,26,17,21,27,27,27
SBF2,1.00,Arc111_c=6016,26,43.853426717,26,50.50692003,111,26,26,15,18,26,26,26
SBF2,1.00,Arc111_c=6267,25,125.216609279,25,144.274628067,111,24,24,14,17,25,25,25
SBF2,1.00,Arc111_c=6540,24,111.64271277,24,106.886461833,111,23,23,13,17,24,24,24
SBF2,1.00,Arc111_c=6837,23,78.324187811,23,171.092190473,111,22,22,12,15,23,23,23
SBF2,1.00,Arc111_c=7162,22,39.802481242,22,303.064868022,111,22,22,8,13,22,22,22
SBF2,1.00,Arc111_c=7520,20,47.223394132,21,494.900941077,111,20,20,8,13,20,21,21
SBF2,1.00,Arc111_c=7916,20,23.704780275,19,599.966391512,111,19,19,8,12,19,20,20
SBF2,1.00,Arc111_c=8356,19,71.436104641,19,353.508345644,111,18,18,5,10,18,19,19
SBF2,1.00,Arc111_c=9400,16,27.871009158,16,599.971176573,111,16,16,5,7,16,17,16
SBF2,1.00,Arc83_c=3786,21,2.621727252,21,0.144681105,83,21,21,5,9,21,21,21
SBF2,1.00,Arc83_c=3985,20,2.352657268,20,0.128394156,83,20,20,5,6,20,20,20
SBF2,1.00,Arc83_c=4206,19,1.914624698,19,0.162233503,83,19,19,4,6,19,19,19
SBF2,1.00,Arc83_c=4454,18,4.894193754,18,0.126050948,83,17,17,4,6,18,18,18
SBF2,1.00,Arc83_c=4732,17,1.771770519,17,0.151329187,83,17,17,3,6,17,17,17
SBF2,1.00,Arc83_c=5048,16,3.673505258,16,0.29079627,83,15,15,3,5,16,16,16
SBF2,1.00,Arc83_c=5408,15,1.405926838,15,0.453392407,83,15,15,2,4,15,15,15
SBF2,1.00,Arc83_c=5824,14,1.322044668,14,0.28323682,83,14,14,1,3,14,14,14
SBF2,1.00,Arc83_c=6309,13,0.969524368,13,0.554212883,83,13,13,1,2,13,13,13
SBF2,1.00,Arc83_c=6883,12,0.851993595,12,0.23333834,83,12,12,1,2,12,12,12
SBF2,1.00,Arc83_c=7571,11,1.034074503,11,0.941658708,83,11,11,0,2,11,11,11
SBF2,1.00,Sawyer30_c=33,10,0.075113899,11,0.007004352,30,10,10,5,7,10,11,11
SBF2,1.00,Sawyer30_c=47,7,0.065301575,7,0.005447688,30,7,7,1,4,7,7,7
SBF2,1.00,Tonge70_c=160,23,1.359967674,23,0.080601332,70,23,23,14,16,23,23,23
SBF2,1.00,Tonge70_c=168,21,1.076591199,22,0.075951978,70,21,21,13,15,21,22,22
SBF2,1.00,Tonge70_c=176,20,1.120537968,21,0.086175895,70,20,20,12,15,20,21,21
SBF2,1.00,Tonge70_c=185,19,0.994088226,20,0.086373169,70,19,19,9,14,19,20,20
SBF2,1.00,Tonge70_c=195,18,1.18430838,19,0.12651278,70,18,18,8,13,18,19,19
SBF2,1.00,Tonge70_c=207,17,0.927197491,18,0.12122996,70,17,17,7,11,17,18,18
SBF2,1.00,Tonge70_c=220,16,0.795384955,17,0.180724477,70,16,16,7,9,16,17,17
SBF2,1.00,Tonge70_c=234,15,0.903588407,16,0.219950227,70,15,15,7,8,15,16,16
SBF2,1.00,Tonge70_c=251,14,0.731719041,14,0.299846703,70,14,14,6,7,14,14,14
SBF2,1.00,Tonge70_c=270,13,0.485821915,14,1.209401592,70,13,13,4,5,13,14,14
SBF2,1.00,Tonge70_c=293,12,0.428087628,13,0.970707315,70,12,12,2,4,12,13,13
SBF2,1.00,Tonge70_c=320,11,0.420264889,11,0.166198209,70,11,11,0,4,11,11,11
SBF2,1.00,arc111_c=11378,14,14.678928165,13,599.966959495,111,14,14,1,4,14,14,14
SBF2,1.00,arc111_c=5755,27,40.710521593,27,187.870752364,111,27,27,18,21,27,27,27
SBF2,1.00,arc111_c=8847,18,82.46727336,17,599.969457996,111,17,17,5,9,17,18,18
SBF2,1.00,arc83_c=10816,8,1.034882459,8,198.210523471,83,7,7,0,1,7,8,8
SBF2,1.00,arc83_c=5853,14,1.194345766,14,1.077018886,83,13,13,1,3,14,14,14
SBF2,1.00,arc83_c=6842,12,1.358690505,12,0.1999579,83,12,12,1,2,12,12,12
SBF2,1.00,arc83_c=8412,10,0.802145419,10,4.141726196,83,10,10,0,1,10,10,10
SBF2,1.00,arc83_c=8898,9,0.568026626,9,0.122951204,83,9,9,0,1,9,9,9
SBF2,1.00,barthol2_c=112,38,461.770680761,38,4.742911187,148,38,38,13,23,38,38,38
SBF2,1.00,barthol2_c=115,37,532.067044528,37,3.933476555,148,37,37,13,23,37,37,37
SBF2,1.00,barthol2_c=125,34,525.484081766,34,2.728118782,148,34,34,11,16,34,34,34
SBF2,1.00,barthol2_c=129,33,437.172299011,33,4.587297226,148,33,33,8,15,33,33,33
SBF2,1.00,barthol2_c=133,32,478.106925677,32,4.72153659,148,32,32,7,15,32,32,32
SBF2,1.00,barthol2_c=137,31,472.999001921,31,4.824861209,148,31,31,7,15,31,31,31
SBF2,1.00,barthol2_c=142,30,447.31559745,30,3.289742772,148,30,30,6,11,30,30,30
SBF2,1.00,barthol2_c=146,29,465.925544626,29,16.354664028,148,29,29,6,10,29,29,29
SBF2,1.00,barthol2_c=152,28,407.95491942,28,6.764453669,148,28,28,6,10,28,28,28
SBF2,1.00,barthol2_c=157,27,449.150912856,27,33.207065025,148,27,27,4,9,27,27,27
SBF2,1.00,barthol2_c=163,26,463.154082542,26,11.767016782,148,26,26,1,8,26,26,26
SBF2,1.00,barthol2_c=170,25,418.428630205,25,10.822191476,148,25,25,0,7,25,25,25
SBF2,1.00,barthol2_c=91,47,597.065338443,47,1.161540497,148,47,47,29,35,47,47,47
SBF2,1.00,barthold_c=403,14,425.967619592,14,599.928940095,148,14,14,2,5,14,14,14
SBF2,1.00,barthold_c=434,13,193.94602754,13,53.580051163,148,13,13,2,4,13,13,13
SBF2,1.00,barthold_c=470,12,263.315740383,12,151.92751223,148,12,12,2,3,12,12,12
SBF2,1.00,barthold_c=513,11,185.679340442,11,599.932709064,148,11,11,2,2,11,11,11
SBF2,1.00,barthold_c=564,10,170.878514724,10,416.058475147,148,10,10,1,2,10,10,10
SBF2,1.00,barthold_c=626,9,135.550423065,9,26.485542647,148,9,9,1,1,9,9,9
SBF2,1.00,barthold_c=705,8,94.248608195,8,127.873028484,148,8,8,1,1,8,8,8
SBF2,1.00,barthold_c=805,7,73.875876514,7,353.740386573,148,7,7,0,1,7,7,7
SBF2,1.00,bowman8_c=20,5,0.00175144,5,6.25134e-4,8,5,5,4,4,5,5,5
SBF2,1.00,buxey_c=27,13,0.041436305,13,0.0041413,29,13,13,12,12,13,13,13
SBF2,1.00,buxey_c=30,11,0.046678262,12,0.003577465,29,11,11,8,9,11,12,12
SBF2,1.00,buxey_c=33,10,0.05319785,11,0.004343804,29,10,10,5,7,11,11,11
SBF2,1.00,buxey_c=36,10,0.053618727,10,0.005076652,29,9,9,4,7,9,10,10
SBF2,1.00,buxey_c=41,8,0.035814937,8,0.004281639,29,8,8,2,6,8,8,8
SBF2,1.00,buxey_c=47,7,0.043046562,7,0.005067791,29,7,7,1,4,7,7,7
SBF2,1.00,buxey_c=54,7,0.052710992,7,0.007767828,29,6,6,0,2,6,7,7
SBF2,1.00,gunther_c=41,13,0.076844486,14,0.003307421,35,12,12,12,12,13,14,14
SBF2,1.00,gunther_c=44,11,0.065257209,12,0.004536239,35,11,11,11,10,11,12,12
SBF2,1.00,gunther_c=49,10,0.049919095,11,0.004455435,35,10,10,7,8,10,11,11
SBF2,1.00,gunther_c=54,9,0.041211438,9,0.005513824,35,9,9,7,8,9,9,9
SBF2,1.00,gunther_c=61,8,0.04050206,9,0.002486626,35,8,8,2,6,8,9,9
SBF2,1.00,gunther_c=69,8,0.03808536,8,0.005923043,35,7,7,2,5,8,8,8
SBF2,1.00,gunther_c=81,7,0.050681075,7,0.008129916,35,6,6,0,4,7,7,7
SBF2,1.00,hahn_c=2004,8,0.023033379,8,0.004271969,53,8,8,5,4,8,8,8
SBF2,1.00,hahn_c=2338,7,0.019042639,7,0.015455864,53,7,7,3,3,7,7,7
SBF2,1.00,hahn_c=2806,6,0.021578313,6,0.01163964,53,5,5,2,3,5,6,6
SBF2,1.00,hahn_c=3507,5,0.014993493,5,0.004160552,53,5,5,1,2,5,5,5
SBF2,1.00,hahn_c=4676,4,0.015687946,4,0.005016955,53,4,4,0,1,4,4,4
SBF2,1.00,heskia_c=138,8,0.053288937,8,0.008446943,28,8,8,5,7,8,8,8
SBF2,1.00,heskia_c=205,5,0.073725256,5,0.019472381,28,5,5,2,3,5,5,5
SBF2,1.00,heskia_c=216,5,0.06217747,5,0.005477915,28,5,5,1,2,5,5,5
SBF2,1.00,heskia_c=256,4,0.047267926,4,0.013352484,28,4,4,0,2,4,4,4
SBF2,1.00,heskia_c=324,4,0.023909147,4,0.003194408,28,4,4,0,1,4,4,4
SBF2,1.00,heskia_c=342,3,0.033182504,3,0.009428878,28,3,3,0,0,3,3,3
SBF2,1.00,jackson_c=10,5,0.004089985,5,9.16613e-4,11,5,5,5,4,5,5,5
SBF2,1.00,jackson_c=13,4,0.002604911,4,0.00116001,11,4,4,1,3,4,4,4
SBF2,1.00,jackson_c=14,4,0.002907204,4,0.001069426,11,4,4,1,3,4,4,4
SBF2,1.00,jackson_c=21,3,0.002478504,3,7.56592e-4,11,3,3,0,1,3,3,3
SBF2,1.00,jackson_c=7,8,0.00285102,8,7.25033e-4,11,7,7,7,8,7,8,8
SBF2,1.00,jackson_c=9,6,0.003986799,6,8.63506e-4,11,6,6,6,5,6,6,6
SBF2,1.00,jaeschke_c=10,4,0.001770985,4,5.2886e-4,9,4,4,3,4,4,4,4
SBF2,1.00,jaeschke_c=18,3,0.001715427,3,5.345e-4,9,3,3,0,1,3,3,3
SBF2,1.00,jaeschke_c=6,8,0.00125528,8,5.19334e-4,9,8,8,8,8,8,8,8
SBF2,1.00,jaeschke_c=7,7,0.002291214,7,5.27615e-4,9,6,6,7,6,6,7,7
SBF2,1.00,jaeschke_c=8,6,0.001978159,6,5.37199e-4,9,5,5,6,5,6,6,6
SBF2,1.00,kilbrid_c=110,6,0.063570337,6,0.033863508,45,6,6,1,1,6,6,6
SBF2,1.00,kilbrid_c=111,5,0.097136006,5,0.016217363,45,5,5,0,1,5,5,5
SBF2,1.00,kilbrid_c=138,4,0.12414704,4,0.03316485,45,4,4,0,1,4,4,4
SBF2,1.00,kilbrid_c=184,3,0.043320105,3,0.037280294,45,3,3,0,0,3,3,3
SBF2,1.00,kilbrid_c=56,10,0.255156638,10,0.016272888,45,10,10,2,6,10,10,10
SBF2,1.00,kilbrid_c=57,10,0.134115416,10,0.017973892000000002,45,10,10,2,6,10,10,10
SBF2,1.00,kilbrid_c=62,9,0.218862406,9,0.01278562,45,9,9,1,4,9,9,9
SBF2,1.00,kilbrid_c=69,8,0.20663812,8,0.012833882,45,8,8,1,3,8,8,8
SBF2,1.00,kilbrid_c=79,7,0.211885916,7,0.027714861,45,7,7,1,2,7,7,7
SBF2,1.00,kilbrid_c=92,6,0.167022783,6,0.059960325,45,6,6,1,1,6,6,6
SBF2,1.00,lutz1_c=1414,11,0.010287481,11,0.002799394,32,11,11,2,6,11,11,11
SBF2,1.00,lutz1_c=1572,10,0.008741099,10,0.002818487,32,10,10,2,5,10,10,10
SBF2,1.00,lutz1_c=1768,9,0.019002261,9,0.005152048,32,9,9,1,4,9,9,9
SBF2,1.00,lutz1_c=2020,8,0.010021901,8,0.004940044,32,8,8,1,3,8,8,8
SBF2,1.00,lutz1_c=2357,7,0.009424474,7,0.003739175,32,7,7,1,1,7,7,7
SBF2,1.00,lutz1_c=2828,6,0.007897895,6,0.002881806,32,6,6,0,1,6,6,6
SBF2,1.00,lutz2_c=11,47,1.318257249,49,0.009351557,89,47,47,44,45,47,49,49
SBF2,1.00,lutz2_c=12,42,1.794715463,44,0.013091942,89,42,42,40,41,42,44,44
SBF2,1.00,lutz2_c=13,39,2.115627884,40,0.018052745,89,39,39,35,36,39,40,40
SBF2,1.00,lutz2_c=14,36,1.630165951,37,0.024960007,89,36,36,31,32,36,37,37
SBF2,1.00,lutz2_c=15,33,1.725781616,34,0.025695817,89,33,33,26,27,33,34,34
SBF2,1.00,lutz2_c=16,31,1.512467699,31,0.021278644,89,31,31,22,23,31,31,31
SBF2,1.00,lutz2_c=17,29,1.055861692,29,0.031227204,89,29,29,17,22,29,29,29
SBF2,1.00,lutz2_c=18,27,1.468966183,28,0.030119151,89,27,27,13,21,27,28,28
SBF2,1.00,lutz2_c=19,26,1.048460854,26,0.026202611,89,26,26,8,18,26,26,26
SBF2,1.00,lutz2_c=20,25,1.241319588,25,0.038050439,89,25,25,4,18,25,25,25
SBF2,1.00,lutz2_c=21,24,1.062571695,24,0.043467042,89,24,24,0,16,24,24,24
SBF2,1.00,lutz3_c=103,17,0.947225983,17,0.124914428,89,16,16,3,5,17,17,17
SBF2,1.00,lutz3_c=110,15,0.423936832,15,0.359276755,89,15,15,3,5,15,15,15
SBF2,1.00,lutz3_c=118,14,0.540666835,14,0.124225702,89,14,14,3,3,14,14,14
SBF2,1.00,lutz3_c=127,13,0.28712887,14,0.273850069,89,13,13,2,2,13,14,14
SBF2,1.00,lutz3_c=137,13,0.421983517,13,0.120575198,89,13,13,1,2,13,13,13
SBF2,1.00,lutz3_c=150,11,0.322884595,12,0.182756114,89,11,11,0,2,11,12,12
SBF2,1.00,lutz3_c=75,22,1.071909118,23,0.119931909,89,22,22,8,12,23,23,23
SBF2,1.00,lutz3_c=79,21,0.374684569,22,0.118059545,89,21,21,5,11,21,22,22
SBF2,1.00,lutz3_c=83,20,0.593801336,21,0.080727039,89,20,20,5,10,20,21,21
SBF2,1.00,lutz3_c=87,20,0.471794033,20,0.09603082,89,19,19,4,9,20,20,20
SBF2,1.00,lutz3_c=92,18,0.405059509,19,0.150942059,89,18,18,4,8,18,19,19
SBF2,1.00,lutz3_c=97,17,0.583466698,18,0.091518647,89,17,17,3,6,17,18,18
SBF2,1.00,mansoor_c=48,4,0.002074114,4,7.63831e-4,11,4,4,3,3,4,4,4
SBF2,1.00,mansoor_c=62,3,0.0021445,3,7.035e-4,11,3,3,3,2,3,3,3
SBF2,1.00,mansoor_c=94,2,0.002083197,2,5.45625e-4,11,2,2,0,2,2,2,2
SBF2,1.00,mertens_c=10,3,0.001448777,3,5.42155e-4,7,3,3,3,3,3,3,3
SBF2,1.00,mertens_c=15,2,0.001750959,2,5.44739e-4,7,2,2,0,2,2,2,2
SBF2,1.00,mertens_c=18,2,0.001504599,2,5.10775e-4,7,2,2,0,1,2,2,2
SBF2,1.00,mertens_c=6,6,0.001388713,6,5.06988e-4,7,6,6,6,6,6,6,6
SBF2,1.00,mertens_c=7,5,0.001272189,5,5.15815e-4,7,5,5,5,5,5,5,5
SBF2,1.00,mertens_c=8,5,0.001640765,5,5.69415e-4,7,5,5,5,4,5,5,5
SBF2,1.00,mitchell_c=14,8,0.00549635,8,0.001444149,21,8,8,5,6,8,8,8
SBF2,1.00,mitchell_c=15,8,0.006109613,8,0.00188519,21,8,8,4,6,8,8,8
SBF2,1.00,mitchell_c=21,5,0.004704646,5,7.45384e-4,21,5,5,1,3,5,5,5
SBF2,1.00,mitchell_c=26,5,0.005428108,5,0.001096417,21,5,5,1,2,5,5,5
SBF2,1.00,mitchell_c=35,3,0.003546905,3,8.69988e-4,21,3,3,0,1,3,3,3
SBF2,1.00,mitchell_c=39,3,0.003664664,3,9.02217e-4,21,3,3,0,1,3,3,3
SBF2,1.00,mukherje_c=176,25,20.171917915,25,1.95092618,94,25,25,10,15,25,25,25
SBF2,1.00,mukherje_c=183,24,19.269972911,24,3.786072015,94,24,24,10,15,24,24,24
SBF2,1.00,mukherje_c=192,23,19.215082588,23,3.711400572,94,22,22,8,12,23,23,23
SBF2,1.00,mukherje_c=201,22,12.968843643,22,7.349362938,94,22,22,8,11,22,22,22
SBF2,1.00,mukherje_c=211,21,8.253392671,21,78.232315924,94,20,20,7,10,21,21,21
SBF2,1.00,mukherje_c=222,20,8.18240115,20,21.749751353,94,19,19,7,9,20,20,20
SBF2,1.00,mukherje_c=234,19,7.086824054,19,4.318168917,94,18,18,4,7,19,19,19
SBF2,1.00,mukherje_c=248,18,5.556212836,18,23.809163779,94,17,17,3,6,18,18,18
SBF2,1.00,mukherje_c=263,17,4.804770182,17,308.38840306,94,16,16,3,5,17,17,17
SBF2,1.00,mukherje_c=281,16,5.353525491,16,7.163949636,94,15,15,3,5,16,16,16
SBF2,1.00,mukherje_c=301,15,3.835324512,15,12.697395117,94,14,14,2,4,15,15,15
SBF2,1.00,mukherje_c=324,14,3.996099347,14,32.661821404,94,13,13,1,4,14,14,14
SBF2,1.00,mukherje_c=351,13,1.908847492,13,5.621055295,94,12,12,0,2,13,13,13
SBF2,1.00,roszieg_c=14,10,0.017577547,10,0.00131212,25,9,9,6,7,10,10,10
SBF2,1.00,roszieg_c=16,8,0.007746733,8,0.002072574,25,8,8,4,4,8,8,8
SBF2,1.00,roszieg_c=18,8,0.015247882,8,0.00256941,25,7,7,2,4,8,8,8
SBF2,1.00,roszieg_c=21,6,0.005634241,6,0.002991521,25,6,6,1,4,6,6,6
SBF2,1.00,roszieg_c=25,6,0.011460431,6,0.002993257,25,5,5,1,2,6,6,6
SBF2,1.00,roszieg_c=32,4,0.005297544,4,9.86477e-4,25,4,4,0,1,4,4,4
SBF2,1.00,sawyer30_c=25,13,0.086496919,14,0.003694163,30,13,13,12,12,13,14,14
SBF2,1.00,sawyer30_c=27,13,0.058312857,13,0.004511068,30,13,13,12,11,13,13,13
SBF2,1.00,sawyer30_c=30,11,0.062491054,12,0.003749583,30,11,11,8,9,11,12,12
SBF2,1.00,sawyer30_c=36,9,0.084555806,10,0.008361985,30,9,9,4,7,9,10,10
SBF2,1.00,sawyer30_c=41,8,0.05147427,8,0.003828969,30,8,8,2,6,8,8,8
SBF2,1.00,sawyer30_c=54,6,0.039579277,7,0.00822546,30,6,6,0,2,6,7,7
SBF2,1.00,sawyer30_c=75,5,0.023351303,5,0.006422882,30,5,5,0,1,5,5,5
SBF2,1.00,tonge70_c=364,10,0.235076963,10,0.052375635,70,10,10,0,3,10,10,10
SBF2,1.00,tonge70_c=410,9,0.225065943,9,0.542061871,70,9,9,0,2,9,9,9
SBF2,1.00,tonge70_c=468,8,0.159758129,8,0.07433857,70,8,8,0,1,8,8,8
SBF2,1.00,tonge70_c=527,7,0.127404852,7,0.107297078,70,7,7,0,0,7,7,7
SBF2,1.00,warnecke_c=104,15,0.619515363,15,0.021461592,58,15,15,3,9,15,15,15
SBF2,1.00,warnecke_c=111,14,0.438599341,14,0.04234739,58,14,14,0,8,14,14,14
SBF2,1.00,warnecke_c=54,30,0.585925007,31,0.007193944,58,30,30,26,26,30,31,31
SBF2,1.00,warnecke_c=56,29,0.389670308,29,0.009813608,58,29,29,26,24,29,29,29
SBF2,1.00,warnecke_c=58,28,0.711277337,29,0.010096717,58,28,28,25,24,28,29,29
SBF2,1.00,warnecke_c=60,27,0.822130636,27,0.008856352,58,27,27,24,24,27,27,27
SBF2,1.00,warnecke_c=62,26,0.69219187,27,0.006206022,58,26,26,24,24,26,27,27
SBF2,1.00,warnecke_c=65,24,0.84863682,25,0.011159274,58,24,24,24,23,24,25,25
SBF2,1.00,warnecke_c=68,23,0.727577261,24,0.007518475,58,23,23,19,21,23,24,24
SBF2,1.00,warnecke_c=71,22,0.974718751,23,0.018405489,58,22,22,16,18,22,23,23
SBF2,1.00,warnecke_c=74,21,0.836884001,22,0.013011039,58,21,21,14,17,21,22,22
SBF2,1.00,warnecke_c=78,20,0.830457598,21,0.019984117,58,20,20,13,15,20,21,21
SBF2,1.00,warnecke_c=82,19,0.803286411,20,0.01476083,58,19,19,13,13,19,20,20
SBF2,1.00,warnecke_c=86,18,1.135603562,19,0.018126711,58,18,18,11,13,18,19,19
SBF2,1.00,warnecke_c=92,17,0.701628647,17,0.017427587,58,17,17,7,12,17,17,17
SBF2,1.00,warnecke_c=97,16,0.607744706,17,0.02242177,58,16,16,6,12,16,17,17
SBF2,1.00,wee-mag_c=28,56,2.703483482,63,0.003000267,75,56,56,61,63,56,63,63
SBF2,1.00,wee-mag_c=29,55,3.9710121,63,0.0029998,75,55,55,61,63,55,63,63
SBF2,1.00,wee-mag_c=30,52,5.978680626,62,0.003149359,75,52,52,61,62,52,62,62
SBF2,1.00,wee-mag_c=31,50,11.108270162,62,0.00361878,75,50,50,60,62,50,62,62
SBF2,1.00,wee-mag_c=32,48,11.798482574,61,0.003662243,75,48,48,60,57,48,61,61
SBF2,1.00,wee-mag_c=33,49,48.768789245,61,0.003378813,75,46,46,60,51,46,61,61
SBF2,1.00,wee-mag_c=34,48,59.681396311,61,0.003541452,75,45,45,60,47,45,61,61
SBF2,1.00,wee-mag_c=35,46,47.275848115,60,0.003770144,75,43,43,60,43,43,60,60
SBF2,1.00,wee-mag_c=36,45,85.458439069,60,0.003761478,75,42,42,60,41,42,60,60
SBF2,1.00,wee-mag_c=37,46,148.293199841,60,0.003430909,75,41,41,60,40,41,60,60
SBF2,1.00,wee-mag_c=38,46,84.969806998,60,0.003073582,75,40,40,60,35,40,60,60
SBF2,1.00,wee-mag_c=39,46,85.852093351,60,0.003681706,75,39,39,60,33,39,60,60
SBF2,1.00,wee-mag_c=40,45,142.240479229,60,0.003679044,75,38,38,60,32,38,60,60
SBF2,1.00,wee-mag_c=41,44,103.720836416,59,0.00360147,75,37,37,59,31,37,59,59
SBF2,1.00,wee-mag_c=42,37,57.621150772,55,0.004268762,75,36,36,55,31,36,55,55
SBF2,1.00,wee-mag_c=43,36,45.424405554,50,0.005466413,75,35,35,50,31,36,50,50
SBF2,1.00,wee-mag_c=45,34,18.236063345,38,0.00811292,75,34,34,31,31,34,38,38
SBF2,1.00,wee-mag_c=46,33,22.061712041,34,0.012895468,75,33,33,27,30,33,34,34
SBF2,1.00,wee-mag_c=47,32,19.687681837,33,0.055038723,75,32,32,23,30,32,33,33
SBF2,1.00,wee-mag_c=49,31,19.180800219,32,0.048022812,75,31,31,17,30,31,32,32
SBF2,1.00,wee-mag_c=50,31,33.103853393,32,0.025255756,75,30,30,13,30,30,32,32
SBF2,1.00,wee-mag_c=52,29,27.780487447,31,0.015532596,75,29,29,5,30,29,31,31
SBF2,1.00,wee-mag_c=54,28,20.035168444,31,0.01517196,75,28,28,1,30,28,31,31
SBF2,1.00,wee-mag_c=56,27,21.262089767,30,0.013610973,75,27,27,0,30,27,30,30
SBF2,0.25,barthol2_c=101,42,762.232131853,42,0.255601753,148,42,42,20,27,42,42,42
SBF2,0.25,barthol2_c=104,41,699.459610355,41,0.286214357,148,41,41,18,25,41,41,41
SBF2,0.25,barthol2_c=106,40,681.682923123,40,0.307440041,148,40,40,16,24,40,40,40
SBF2,0.25,barthol2_c=109,39,612.546519974,39,0.344932645,148,39,39,15,24,39,39,39
SBF2,0.25,barthol2_c=112,38,632.506478998,38,0.365426505,148,38,38,13,23,38,38,38
SBF2,0.25,barthol2_c=118,36,594.221606056,36,0.283635995,148,36,36,12,21,36,36,36
SBF2,0.25,barthol2_c=121,35,628.829941959,35,0.456613919,148,35,35,12,18,35,35,35
SBF2,0.25,barthol2_c=129,33,569.11973351,33,0.319681,148,33,33,8,15,33,33,33
SBF2,0.25,barthol2_c=170,25,778.432356634,25,0.389180391,148,25,25,0,7,25,25,25
SBF2,0.25,barthol2_c=84,51,1489.00302819,51,0.236595959,148,51,51,31,39,51,51,51
SBF2,0.25,barthol2_c=85,50,962.724983155,51,0.540834449,148,50,50,30,38,50,51,51
SBF2,0.25,barthol2_c=87,49,702.744180736,49,0.239115474,148,49,49,30,37,49,49,49
SBF2,0.25,barthol2_c=91,47,620.616937067,47,0.3222894,148,47,47,29,35,47,47,47
SBF2,0.25,barthol2_c=93,46,744.113292784,46,0.296397094,148,46,46,27,34,46,47,46
SBF2,0.25,barthol2_c=97,44,607.022714558,44,0.306070879,148,44,44,20,29,44,44,44
SBF2,0.25,barthol2_c=99,43,715.756225733,43,0.248427406,148,43,43,20,28,43,43,43
SBF2,0.25,scholl_c=2787,25,3241.226148201,25,599.259472382,297,25,25,0,3,25,25,25
SBF2,0.50,barthol2_c=101,42,640.658453818,42,0.594548522,148,42,42,20,27,42,42,42
SBF2,0.50,barthol2_c=104,41,650.736264967,41,0.814271993,148,41,41,18,25,41,41,41
SBF2,0.50,barthol2_c=106,40,685.173709727,40,0.844869392,148,40,40,16,24,40,40,40
SBF2,0.50,barthol2_c=109,39,645.48762773,39,1.053129758,148,39,39,15,24,39,39,39
SBF2,0.50,barthol2_c=112,38,662.157285437,38,1.372481238,148,38,38,13,23,38,38,38
SBF2,0.50,barthol2_c=121,35,680.385878521,35,1.419352176,148,35,35,12,18,35,35,35
SBF2,0.50,barthol2_c=129,33,610.459371273,33,1.261675564,148,33,33,8,15,33,33,33
SBF2,0.50,barthol2_c=84,51,1089.55644258,51,0.494618522,148,51,51,31,39,51,51,51
SBF2,0.50,barthol2_c=85,50,1471.157413145,51,0.795792144,148,50,50,30,38,50,51,51
SBF2,0.50,barthol2_c=87,49,793.769194796,49,0.660863961,148,49,49,30,37,49,49,49
SBF2,0.50,barthol2_c=89,48,774.363347212,48,0.40337128,148,48,48,30,36,48,49,48
SBF2,0.50,barthol2_c=91,47,806.235516708,47,0.589595028,148,47,47,29,35,47,47,47
SBF2,0.50,barthol2_c=93,46,654.197435533,46,0.504726511,148,46,46,27,34,46,47,46
SBF2,0.50,barthol2_c=95,45,679.804039011,45,0.579106635,148,45,45,22,33,45,45,45
SBF2,0.50,barthol2_c=97,44,743.004629846,44,0.646770389,148,44,44,20,29,44,44,44
SBF2,0.75,barthol2_c=101,42,728.737771943,42,1.492822716,148,42,42,20,27,42,42,42
SBF2,0.75,barthol2_c=106,40,727.420575103,40,1.605804409,148,40,40,16,24,40,40,40
SBF2,0.75,barthol2_c=170,25,694.370766205,25,22.294318385,148,25,25,0,7,25,25,25
SBF2,0.75,barthol2_c=84,51,872.527246552,51,0.834663191,148,51,51,31,39,51,51,51
SBF2,0.75,barthol2_c=85,50,1439.865369552,51,0.96006485,148,50,50,30,38,50,51,51
SBF2,0.75,barthol2_c=87,49,743.146241072,49,0.805029393,148,49,49,30,37,49,49,49
SBF2,0.75,barthol2_c=89,48,980.569886313,48,0.661559337,148,48,48,30,36,48,49,48
SBF2,0.75,barthol2_c=91,47,675.513819122,47,1.297471984,148,47,47,29,35,47,47,47
SBF2,0.75,barthol2_c=95,45,716.628505377,45,0.90453488,148,45,45,22,33,45,45,45
SBF2,0.75,barthol2_c=97,44,798.732527413,44,1.15286175,148,44,44,20,29,44,44,44
SBF2,0.75,barthol2_c=99,43,730.558135495,43,0.891943255,148,43,43,20,28,43,43,43
SBF2,1.00,barthol2_c=101,42,851.678383968,42,3.365077676,148,42,42,20,27,42,42,42
SBF2,1.00,barthol2_c=104,41,744.944731929,41,2.134875937,148,41,41,18,25,41,41,41
SBF2,1.00,barthol2_c=106,40,686.084844341,40,2.890737551,148,40,40,16,24,40,40,40
SBF2,1.00,barthol2_c=109,39,686.013476272,39,2.147277579,148,39,39,15,24,39,39,39
SBF2,1.00,barthol2_c=118,36,595.717774061,36,3.195140516,148,36,36,12,21,36,36,36
SBF2,1.00,barthol2_c=121,35,629.275054782,35,3.588104174,148,35,35,12,18,35,35,35
SBF2,1.00,barthol2_c=84,51,921.336007768,51,1.151784521,148,51,51,31,39,51,51,51
SBF2,1.00,barthol2_c=85,50,834.162667134,51,1.397167353,148,50,50,30,38,50,51,51
SBF2,1.00,barthol2_c=87,49,808.50184387,49,1.192597727,148,49,49,30,37,49,49,49
SBF2,1.00,barthol2_c=89,48,771.61094519,49,1.41201738,148,48,48,30,36,48,49,49
SBF2,1.00,barthol2_c=93,46,695.780418097,46,1.087040428,148,46,46,27,34,46,47,46
SBF2,1.00,barthol2_c=95,45,612.627741173,45,1.019521542,148,45,45,22,33,45,45,45
SBF2,1.00,barthol2_c=97,44,606.190723624,44,1.511239892,148,44,44,20,29,44,44,44
SBF2,1.00,barthol2_c=99,43,615.465177002,43,1.849761827,148,43,43,20,28,43,43,43
SBF2,1.00,scholl_c=2680,26,2264.791016197,25,599.631158282,297,26,26,1,3,26,26,26
SBF2,1.00,scholl_c=2787,25,1667.874539197,20,599.62264825,297,25,25,0,3,25,25,25
SBF2,0.25,scholl_c=1394,50,4688.194535404,50,286.85927596,297,50,50,13,15,50,50,50
SBF2,0.25,scholl_c=1422,49,5121.20580749,49,599.668319213,297,49,49,13,14,49,50,49
SBF2,0.25,scholl_c=1452,48,5325.797972662,48,599.686488187,297,48,48,13,14,48,48,48
SBF2,0.25,scholl_c=1483,47,5568.059619083,47,599.602095088,297,47,47,11,12,47,47,47
SBF2,0.25,scholl_c=1515,46,4722.677820891,46,347.61074452,297,46,46,11,12,46,46,46
SBF2,0.25,scholl_c=1548,45,6009.944693554,45,599.670300926,297,45,45,11,11,45,46,45
SBF2,0.25,scholl_c=1659,42,14392.743736684,42,293.426468303,297,42,42,10,9,42,42,42
SBF2,0.25,scholl_c=1699,41,14201.900996089,41,599.630119207,297,41,41,9,9,41,42,41
SBF2,0.25,scholl_c=1742,40,9795.143977816,40,599.325439566,297,40,40,8,9,40,40,40
SBF2,0.25,scholl_c=1787,39,10692.960003469,39,599.551033903,297,39,39,6,9,39,39,39
SBF2,0.25,scholl_c=1834,38,12226.602245629,38,599.598338842,297,38,38,5,8,38,38,38
SBF2,0.25,scholl_c=1883,37,10185.874347242,37,599.648977303,297,37,37,5,8,37,37,37
SBF2,0.25,scholl_c=1935,36,10608.444611076,36,450.213608189,297,36,36,5,8,36,36,36
SBF2,0.25,scholl_c=1991,35,13164.412686338,35,599.619367703,297,35,35,4,8,35,35,35
SBF2,0.25,scholl_c=2049,34,10521.679811236,34,599.577374702,297,34,34,3,8,34,34,34
SBF2,0.25,scholl_c=2111,33,8755.990468737,33,599.605760525,297,33,33,2,7,33,33,33
SBF2,0.25,scholl_c=2177,32,8331.940825482,32,599.611786409,297,32,32,2,7,32,32,32
SBF2,0.25,scholl_c=2247,31,7070.162425078,31,599.55236633,297,31,31,2,6,31,31,31
SBF2,0.25,scholl_c=2322,30,10418.066740178,30,599.298213089,297,30,30,2,6,30,30,30
SBF2,0.25,scholl_c=2402,29,7245.927937134,29,599.249292693,297,29,29,2,5,29,29,29
SBF2,0.25,scholl_c=2488,28,7640.882311406,28,599.487799648,297,28,28,2,5,28,28,28
SBF2,0.25,scholl_c=2580,27,4442.562363239,27,599.602943864,297,27,27,2,5,27,27,27
SBF2,0.25,scholl_c=2680,26,4010.218656113,26,363.773855096,297,26,26,1,3,26,26,26
SBF2,0.50,scholl_c=1394,50,5648.951543294,50,599.627459688,297,50,50,13,15,50,50,50
SBF2,0.50,scholl_c=1422,49,6659.153317354,49,599.62853453,297,49,49,13,14,49,50,49
SBF2,0.50,scholl_c=1452,48,5738.795910235,48,599.605243511,297,48,48,13,14,48,48,48
SBF2,0.50,scholl_c=1483,47,5316.98694431,47,599.626589657,297,47,47,11,12,47,47,47
SBF2,0.50,scholl_c=1515,46,7063.408853749,46,599.635596262,297,46,46,11,12,46,46,46
SBF2,0.50,scholl_c=1548,45,6601.549065643,45,599.6302566,297,45,45,11,11,45,46,45
SBF2,0.50,scholl_c=1584,44,12752.292101765,44,599.490844561,297,44,44,10,10,44,44,44
SBF2,0.50,scholl_c=1659,42,9270.443267789,42,599.601140149,297,42,42,10,9,42,42,42
SBF2,0.50,scholl_c=1699,41,14135.1041537,41,599.428059256,297,41,41,9,9,41,42,41
SBF2,0.50,scholl_c=1787,39,9372.188063663,39,599.628482584,297,39,39,6,9,39,39,39
SBF2,0.50,scholl_c=1883,37,10448.751546318,37,599.3152964,297,37,37,5,8,37,37,37
SBF2,0.50,scholl_c=1935,36,11673.712480736,36,599.615984036,297,36,36,5,8,36,36,36
SBF2,0.50,scholl_c=1991,35,9482.808932297,35,599.620380273,297,35,35,4,8,35,35,35
SBF2,0.50,scholl_c=2049,34,10590.889785032,34,599.547532289,297,34,34,3,8,34,34,34
SBF2,0.50,scholl_c=2111,33,8625.014802345,33,599.567657338,297,33,33,2,7,33,33,33
SBF2,0.50,scholl_c=2177,32,6356.704978877,32,599.540168302,297,32,32,2,7,32,32,32
SBF2,0.50,scholl_c=2247,31,6905.522227691,31,599.625186512,297,31,31,2,6,31,31,31
SBF2,0.50,scholl_c=2322,30,8400.095290928,30,599.649564636,297,30,30,2,6,30,30,30
SBF2,0.50,scholl_c=2402,29,7984.112025432,28,599.454775746,297,29,29,2,5,29,29,29
SBF2,0.50,scholl_c=2488,28,5949.867660045,28,599.622138543,297,28,28,2,5,28,28,28
SBF2,0.50,scholl_c=2580,27,6765.718656529,27,599.597640862,297,27,27,2,5,27,27,27
SBF2,0.50,scholl_c=2680,26,5243.685055998,26,599.551511164,297,26,26,1,3,26,26,26
SBF2,0.50,scholl_c=2787,25,4947.417283331,25,599.410909453,297,25,25,0,3,25,25,25
SBF2,0.75,scholl_c=1394,50,5465.783241047,49,599.650670047,297,50,50,13,15,50,50,50
SBF2,0.75,scholl_c=1422,49,6589.541091708,49,599.295562002,297,49,49,13,14,49,50,49
SBF2,0.75,scholl_c=1452,48,5688.490295006,47,599.651939793,297,48,48,13,14,48,48,48
SBF2,0.75,scholl_c=1483,47,5295.901553216,47,599.536015988,297,47,47,11,12,47,47,47
SBF2,0.75,scholl_c=1515,46,6528.306479009,45,599.296418359,297,46,46,11,12,46,46,46
SBF2,0.75,scholl_c=1548,45,5896.480153262,45,599.648308979,297,45,45,11,11,45,46,45
SBF2,0.75,scholl_c=1584,44,6360.70659908,44,599.620814678,297,44,44,10,10,44,44,44
SBF2,0.25,scholl_c=1584,NA,NA,44,599.666899647,297,44,44,10,10,44,44,44
SBF2,0.25,scholl_c=1620,NA,NA,43,599.625878412,297,43,43,10,9,43,44,43
SBF2,0.50,scholl_c=1620,NA,NA,43,599.592985793,297,43,43,10,9,43,44,43
SBF2,0.50,scholl_c=1742,NA,NA,40,599.544431266,297,40,40,8,9,40,40,40
SBF2,0.50,scholl_c=1834,NA,NA,38,599.612520664,297,38,38,5,8,38,38,38
SBF2,0.75,scholl_c=1620,NA,NA,43,599.608372594,297,43,43,10,9,43,44,43
SBF2,0.75,scholl_c=1659,NA,NA,42,599.620938906,297,42,42,10,9,42,42,42
SBF2,0.75,scholl_c=1699,NA,NA,40,599.55507199,297,41,41,9,9,41,42,41
SBF2,0.75,scholl_c=1742,NA,NA,39,599.250816844,297,40,40,8,9,40,40,40
SBF2,0.75,scholl_c=1787,NA,NA,39,599.594384237,297,39,39,6,9,39,39,39
SBF2,0.75,scholl_c=1834,NA,NA,38,599.617016242,297,38,38,5,8,38,38,38
SBF2,0.75,scholl_c=1883,NA,NA,37,599.618491631,297,37,37,5,8,37,37,37
SBF2,0.75,scholl_c=1935,NA,NA,36,599.502759624,297,36,36,5,8,36,36,36
SBF2,0.75,scholl_c=1991,NA,NA,34,599.636981084,297,35,35,4,8,35,35,35
SBF2,0.75,scholl_c=2049,NA,NA,33,599.611955273,297,34,34,3,8,34,34,34
SBF2,0.75,scholl_c=2111,NA,NA,32,599.609218942,297,33,33,2,7,33,33,33
SBF2,0.75,scholl_c=2177,NA,NA,32,599.627295451,297,32,32,2,7,32,32,32
SBF2,0.75,scholl_c=2247,NA,NA,30,599.551213879,297,31,31,2,6,31,31,31
SBF2,0.75,scholl_c=2322,NA,NA,30,599.619756505,297,30,30,2,6,30,30,30
SBF2,0.75,scholl_c=2402,NA,NA,28,599.54769208,297,29,29,2,5,29,29,29
SBF2,0.75,scholl_c=2488,NA,NA,27,599.54972402,297,28,28,2,5,28,28,28
SBF2,0.75,scholl_c=2580,NA,NA,26,599.481947671,297,27,27,2,5,27,27,27
SBF2,0.75,scholl_c=2680,NA,NA,26,599.535299695,297,26,26,1,3,26,26,26
SBF2,0.75,scholl_c=2787,NA,NA,25,599.623034183,297,25,25,0,3,25,25,25
SBF2,1.00,scholl_c=1394,NA,NA,50,599.568008738,297,50,50,13,15,50,50,50
SBF2,1.00,scholl_c=1422,NA,NA,48,599.669382702,297,49,49,13,14,49,50,49
SBF2,1.00,scholl_c=1452,NA,NA,47,599.634121524,297,48,48,13,14,48,48,48
SBF2,1.00,scholl_c=1483,NA,NA,46,599.663636686,297,47,47,11,12,47,47,47
SBF2,1.00,scholl_c=1515,NA,NA,45,599.656224106,297,46,46,11,12,46,46,46
SBF2,1.00,scholl_c=1548,NA,NA,45,599.618784142,297,45,45,11,11,45,46,45
SBF2,1.00,scholl_c=1584,NA,NA,44,599.583992374,297,44,44,10,10,44,44,44
SBF2,1.00,scholl_c=1620,NA,NA,43,599.621252296,297,43,43,10,9,43,44,43
SBF2,1.00,scholl_c=1659,NA,NA,42,599.611552966,297,42,42,10,9,42,42,42
SBF2,1.00,scholl_c=1699,NA,NA,41,599.623835586,297,41,41,9,9,41,42,41
SBF2,1.00,scholl_c=1742,NA,NA,40,599.568556303,297,40,40,8,9,40,40,40
SBF2,1.00,scholl_c=1787,NA,NA,39,599.61846574,297,39,39,6,9,39,39,39
SBF2,1.00,scholl_c=1834,NA,NA,38,599.495346198,297,38,38,5,8,38,38,38
SBF2,1.00,scholl_c=1883,NA,NA,36,599.623563208,297,37,37,5,8,37,37,37
SBF2,1.00,scholl_c=1935,NA,NA,36,599.640754321,297,36,36,5,8,36,36,36
SBF2,1.00,scholl_c=1991,NA,NA,34,599.621319226,297,35,35,4,8,35,35,35
SBF2,1.00,scholl_c=2049,NA,NA,33,599.582689099,297,34,34,3,8,34,34,34
SBF2,1.00,scholl_c=2111,NA,NA,32,599.617012615,297,33,33,2,7,33,33,33
SBF2,1.00,scholl_c=2177,NA,NA,31,599.611552667,297,32,32,2,7,32,32,32
SBF2,1.00,scholl_c=2247,NA,NA,30,599.602065119,297,31,31,2,6,31,31,31
SBF2,1.00,scholl_c=2322,NA,NA,29,599.287163119,297,30,30,2,6,30,30,30
SBF2,1.00,scholl_c=2402,NA,NA,27,599.501915234,297,29,29,2,5,29,29,29
SBF2,1.00,scholl_c=2488,NA,NA,27,599.460694402,297,28,28,2,5,28,28,28
SBF2,1.00,scholl_c=2580,NA,NA,26,599.501190106,297,27,27,2,5,27,27,27
